Workbook

Sheet load-displacament
A1: Zero days | B1: SAMPLE 15 | F1: GOM | K1: SAMPLE 14 | O1: GOM | T1: SAMPLE 13 | X1: GOM | AC1: SAMPLE 12 | AG1: GOM | AL1: SAMPLE 11 | AP1: GOM | AU1: 15 DAYS NO DRYED> | AV1: SAMPLE 10 | AZ1: GOM | BE1: SAMPLE 9 | BI1: GOM | BN1: SAMPLE 8 | BR1: GOM | BW1: SAMPLE 7 | CA1: GOM | CF1: SAMPLE 6 | CJ1: GOM | CO1: 15 DAYS DRYED> | CP1: SAMPLE 5 | CT1: GOM | CY1: SAMPLE 4 | DC1: GOM | DH1: SAMPLE 3 | DL1: GOM | DQ1: SAMPLE 2 | DU1: GOM | DZ1: SAMPLE 1 | ED1: GOM
C2: Horário [s] | D2: Extensão [mm] | E2: Carga [N] | F2: Time[s] | G2: strain | H2: LOAD | I2: STRESS | J2: 0.0011026 | L2: Horário [s] | M2: Extensão [mm] | N2: Carga [N] | O2: Time[s] | P2: strain | Q2: LOAD | R2: STRESS | S2: -0.0033388 | U2: Horário [s] | V2: Extensão [mm] | W2: Carga [N] | X2: Time[s] | Y2: strain | Z2: LOAD | AA2: STRESS | AB2: -0.2375 | AD2: Horário [s] | AE2: Extensão [mm] | AF2: Carga [N] | AG2: Time[s] | AH2: strain | AI2: LOAD | AJ2: STRESS | AK2: -0.6074866 | AM2: Horário [s] | AN2: Extensão [mm] | AO2: Carga [N] | AP2: Time[s] | AQ2: strain | AR2: LOAD | AS2: STRESS | AT2: -0.0201888 | AW2: Horário [s] | AX2: Extensão [mm] | AY2: Carga [N] | AZ2: Time[s] | BA2: strain | BB2: LOAD | BC2: STRESS | BD2: -0.0044352 | BF2: Horário [s] | BG2: Extensão [mm] | BH2: Carga [N] | BI2: Time[s] | BJ2: strain | BK2: LOAD | BL2: STRESS | BM2: -0.0422068 | BO2: Horário [s] | BP2: Extensão [mm] | BQ2: Carga [N] | BR2: Time[s] | BS2: strain | BT2: LOAD | BU2: STRESS | BV2: -0.7180466 | BX2: Horário [s] | BY2: Extensão [mm] | BZ2: Carga [N] | CA2: Time[s] | CB2: strain | CC2: LOAD | CD2: STRESS | CE2: -0.033694 | CG2: Horário [s] | CH2: Extensão [mm] | CI2: Carga [N] | CJ2: Time[s] | CK2: strain | CL2: LOAD | CM2: STRESS | CN2: -0.0309374 | CQ2: Horário [s] | CR2: Extensão [mm] | CS2: Carga [N] | CT2: Time[s] | CU2: strain | CV2: LOAD | CW2: STRESS | CX2: -0.7842374 | CZ2: Horário [s] | DA2: Extensão [mm] | DB2: Carga [N] | DC2: Time[s] | DD2: strain | DE2: LOAD | DF2: STRESS | DG2: -0.0391312 | DI2: Horário [s] | DJ2: Extensão [mm] | DK2: Carga [N] | DL2: Time[s] | DM2: strain | DN2: LOAD | DO2: STRESS | DP2: -0.0625486 | DR2: Horário [s] | DS2: Extensão [mm] | DT2: Carga [N] | DU2: Time[s] | DV2: strain | DW2: LOAD | DX2: STRESS | DY2: -0.0500462 | EA2: Horário [s] | EB2: Extensão [mm] | EC2: Carga [N] | ED2: Time[s] | EE2: strain | EF2: LOAD | EG2: STRESS | EH2: -0.0500462
B3: 1 | C3: 0 | D3: 0 | E3: 0.05513 | F3: 0 | G3: 0 | H3: =INDEX($E:$E,MATCH(F3,$C:$C,1)) -> 0.05513 | I3: =H3/50 -J$2 -> 0 | K3: 1 | L3: 0 | M3: 0 | N3: -0.16694 | O3: 0 | P3: 0 | Q3: =INDEX($N:$N,MATCH(O3,$L:$L,1)) -> -0.16694 | R3: =Q3/50 -S$2 -> 0 | T3: 1 | U3: 0 | V3: 0 | W3: -11.875 | X3: 0 | Y3: 0 | Z3: =INDEX($W:$W,MATCH(X3,$U:$U,1)) -> -11.875 | AA3: =Z3/50 -AB$2 -> 0 | AC3: 1 | AD3: 0 | AE3: 0 | AF3: -30.37433 | AG3: 0 | AH3: 0 | AI3: =INDEX($AF:$AF,MATCH(AG3,$AD:$AD,1)) -> -30.37433 | AJ3: =AI3/50 -AK$2 -> 0 | AL3: 1 | AM3: 0 | AN3: 0 | AO3: -1.00944 | AP3: 0 | AQ3: 0 | AR3: =INDEX($AO:$AO,MATCH(AP3,$AM:$AM,1)) -> -1.00944 | AS3: =AR3/50 -AT$2 -> 0 | AV3: 1 | AW3: 0 | AX3: 0 | AY3: -0.22176 | AZ3: 0 | BA3: 0 | BB3: =INDEX($AY:$AY,MATCH(AZ3,$AW:$AW,1)) -> -0.22176 | BC3: =BB3/50 -BD$2 -> 0 | BE3: 1 | BF3: 0 | BG3: 0 | BH3: -2.11034 | BI3: 0 | BJ3: 0 | BK3: =INDEX($BH:$BH,MATCH(BI3,$BF:$BF,1)) -> -2.11034 | BL3: =BK3/50 -BM$2 -> 0 | BN3: 1 | BO3: 0 | BP3: 0 | BQ3: -35.90233 | BR3: 0 | BS3: 0 | BT3: =INDEX($BQ:$BQ,MATCH(BR3,$BO:$BO,1)) -> -35.90233 | BU3: =BT3/50 -BV$2 -> 0 | BW3: 1 | BX3: 0 | BY3: 0 | BZ3: -1.6847 | CA3: 0 | CB3: 0 | CC3: =INDEX($BZ:$BZ,MATCH(CA3,$BX:$BX,1)) -> -1.6847 | CD3: =CC3/50 -CE$2 -> 0 | CF3: 1 | CG3: 0 | CH3: 0 | CI3: -1.54687 | CJ3: 0 | CK3: 0 | CL3: =INDEX($CI:$CI,MATCH(CJ3,$CG:$CG,1)) -> -1.54687 | CM3: =CL3/50 -CN$2 -> 0 | CP3: 1 | CQ3: 0 | CR3: 0 | CS3: -39.21187 | CT3: 0 | CU3: 0 | CV3: =INDEX($CS:$CS,MATCH(CT3,$CQ:$CQ,1)) -> -39.21187 | CW3: =CV3/50 -CX$2 -> 0 | CY3: 1 | CZ3: 0 | DA3: 0 | DB3: -1.95656 | DC3: 0 | DD3: 0 | DE3: =INDEX($DB:$DB,MATCH(DC3,$CZ:$CZ,1)) -> -1.95656 | DF3: =DE3/50 -DG$2 -> 0 | DH3: 1 | DI3: 0 | DJ3: 0 | DK3: -3.12743 | DL3: 0 | DM3: 0 | DN3: =INDEX($DK:$DK,MATCH(DL3,$DI:$DI,1)) -> -3.12743 | DO3: =DN3/50 -DP$2 -> 0 | DQ3: 1 | DR3: 0 | DS3: 0 | DT3: -2.50231 | DU3: 0 | DV3: 0 | DW3: =INDEX($DT:$DT,MATCH(DU3,$DR:$DR,1)) -> -2.50231 | DX3: =DW3/50 -DY$2 -> 0 | DZ3: 1 | EA3: 0 | EB3: 0 | EC3: -2.40483 | ED3: 0 | EE3: 0 | EF3: =INDEX($DT:$DT,MATCH(ED3,$DR:$DR,1)) -> -2.50231 | EG3: =EF3/50 -EH$2 -> 0
B4: 2 | C4: 0.1 | D4: 0.00159 | E4: 2.86799 | F4: 5 | G4: 0.06086 | H4: =INDEX($E:$E,MATCH(F4,$C:$C,1)) -> 590.17627 | I4: =H4/50 -J$2 -> 11.802423 | K4: 2 | L4: 0.1 | M4: 0.00188 | N4: 5.82101 | O4: 5 | P4: 0.062403 | Q4: =INDEX($N:$N,MATCH(O4,$L:$L,1)) -> 558.47546 | R4: =Q4/50 -S$2 -> 11.172848 | T4: 2 | U4: 0.1 | V4: 0.00165 | W4: -8.46249 | X4: 5 | Y4: 0.075917 | Z4: =INDEX($W:$W,MATCH(X4,$U:$U,1)) -> 546.66956 | AA4: =Z4/50 -AB$2 -> 11.170891 | AC4: 2 | AD4: 0.1 | AE4: 0.00183 | AF4: -24.76331 | AG4: 5 | AH4: 0.067043 | AI4: =INDEX($AF:$AF,MATCH(AG4,$AD:$AD,1)) -> 523.71228 | AJ4: =AI4/50 -AK$2 -> 11.081732 | AL4: 2 | AM4: 0.1 | AN4: 0.00147 | AO4: 0.73422 | AP4: 5 | AQ4: 0.062038 | AR4: =INDEX($AO:$AO,MATCH(AP4,$AM:$AM,1)) -> 533.14392 | AS4: =AR4/50 -AT$2 -> 10.683067 | AV4: 2 | AW4: 0.1 | AX4: 0.00188 | AY4: 5.60883 | AZ4: 5 | BA4: 0.06953 | BB4: =INDEX($AY:$AY,MATCH(AZ4,$AW:$AW,1)) -> 543.9176 | BC4: =BB4/50 -BD$2 -> 10.882787 | BE4: 2 | BF4: 0.1 | BG4: 0.002 | BH4: 4.93206 | BI4: 5 | BJ4: 0.053532 | BK4: =INDEX($BH:$BH,MATCH(BI4,$BF:$BF,1)) -> 524.55035 | BL4: =BK4/50 -BM$2 -> 10.533214 | BN4: 2 | BO4: 0.1 | BP4: 0.00202 | BQ4: -29.31025 | BR4: 5 | BS4: 0.05072 | BT4: =INDEX($BQ:$BQ,MATCH(BR4,$BO:$BO,1)) -> 491.84949 | BU4: =BT4/50 -BV$2 -> 10.555036 | BW4: 2 | BX4: 0.1 | BY4: 0.00161 | BZ4: 1.20039 | CA4: 5 | CB4: 0.046213 | CC4: =INDEX($BZ:$BZ,MATCH(CA4,$BX:$BX,1)) -> 533.97742 | CD4: =CC4/50 -CE$2 -> 10.713242 | CF4: 2 | CG4: 0.1 | CH4: 0.00187 | CI4: 5.05683 | CJ4: 5 | CK4: 0.054801 | CL4: =INDEX($CI:$CI,MATCH(CJ4,$CG:$CG,1)) -> 542.23022 | CM4: =CL4/50 -CN$2 -> 10.875542 | CP4: 2 | CQ4: 0.1 | CR4: 0.00192 | CS4: -32.08053 | CT4: 5 | CU4: 0.067038 | CV4: =INDEX($CS:$CS,MATCH(CT4,$CQ:$CQ,1)) -> 486.3718 | CW4: =CV4/50 -CX$2 -> 10.511673 | CY4: 2 | CZ4: 0.1 | DA4: 0.00149 | DB4: 0.70403 | DC4: 5 | DD4: 0.056826 | DE4: =INDEX($DB:$DB,MATCH(DC4,$CZ:$CZ,1)) -> 526.01855 | DF4: =DE4/50 -DG$2 -> 10.559502 | DH4: 2 | DI4: 0.1 | DJ4: 0.00192 | DK4: 3.10613 | DL4: 5 | DM4: 0.037047 | DN4: =INDEX($DK:$DK,MATCH(DL4,$DI:$DI,1)) -> 532.42346 | DO4: =DN4/50 -DP$2 -> 10.711018 | DQ4: 2 | DR4: 0.1 | DS4: 0.00179 | DT4: 3.00785 | DU4: 5 | DV4: 0.052265 | DW4: =INDEX($DT:$DT,MATCH(DU4,$DR:$DR,1)) -> 542.55212 | DX4: =DW4/50 -DY$2 -> 10.901089 | DZ4: 2 | EA4: 0.1 | EB4: 0.00193 | EC4: 3.55655 | ED4: 5 | EE4: 0.045985 | EF4: =INDEX($DT:$DT,MATCH(ED4,$DR:$DR,1)) -> 542.55212 | EG4: =EF4/50 -EH$2 -> 10.901089
B5: 3 | C5: 0.2 | D5: 0.00593 | E5: 22.32926 | F5: 10 | G5: 0.121314 | H5: =INDEX($E:$E,MATCH(F5,$C:$C,1)) -> 1059.0024 | I5: =H5/50 -J$2 -> 21.178946 | K5: 3 | L5: 0.2 | M5: 0.00596 | N5: 24.40177 | O5: 10 | P5: 0.115723 | Q5: =INDEX($N:$N,MATCH(O5,$L:$L,1)) -> 1006.2609 | R5: =Q5/50 -S$2 -> 20.128556 | T5: 3 | U5: 0.2 | V5: 0.00591 | W5: 10.89332 | X5: 10 | Y5: 0.133007 | Z5: =INDEX($W:$W,MATCH(X5,$U:$U,1)) -> 1001.3031 | AA5: =Z5/50 -AB$2 -> 20.263562 | AC5: 3 | AD5: 0.2 | AE5: 0.00597 | AF5: -5.39896 | AG5: 10 | AH5: 0.128603 | AI5: =INDEX($AF:$AF,MATCH(AG5,$AD:$AD,1)) -> 957.34039 | AJ5: =AI5/50 -AK$2 -> 19.754294 | AL5: 3 | AM5: 0.2 | AN5: 0.00601 | AO5: 21.28375 | AP5: 10 | AQ5: 0.120533 | AR5: =INDEX($AO:$AO,MATCH(AP5,$AM:$AM,1)) -> 968.50323 | AS5: =AR5/50 -AT$2 -> 19.390253 | AV5: 3 | AW5: 0.2 | AX5: 0.00602 | AY5: 24.21618 | AZ5: 10 | BA5: 0.122523 | BB5: =INDEX($AY:$AY,MATCH(AZ5,$AW:$AW,1)) -> 995.92761 | BC5: =BB5/50 -BD$2 -> 19.922987 | BE5: 3 | BF5: 0.2 | BG5: 0.00594 | BH5: 22.53367 | BI5: 10 | BJ5: 0.105703 | BK5: =INDEX($BH:$BH,MATCH(BI5,$BF:$BF,1)) -> 961.46552 | BL5: =BK5/50 -BM$2 -> 19.271517 | BN5: 3 | BO5: 0.2 | BP5: 0.00592 | BQ5: -10.93125 | BR5: 10 | BS5: 0.09764 | BT5: =INDEX($BQ:$BQ,MATCH(BR5,$BO:$BO,1)) -> 931.63373 | BU5: =BT5/50 -BV$2 -> 19.350721 | BW5: 3 | BX5: 0.2 | BY5: 0.0059 | BZ5: 20.39887 | CA5: 10 | CB5: 0.100864 | CC5: =INDEX($BZ:$BZ,MATCH(CA5,$BX:$BX,1)) -> 957.91742 | CD5: =CC5/50 -CE$2 -> 19.192042 | CF5: 3 | CG5: 0.2 | CH5: 0.00594 | CI5: 24.34181 | CJ5: 10 | CK5: 0.112987 | CL5: =INDEX($CI:$CI,MATCH(CJ5,$CG:$CG,1)) -> 987.4491 | CM5: =CL5/50 -CN$2 -> 19.779919 | CP5: 3 | CQ5: 0.2 | CR5: 0.00592 | CS5: -13.62982 | CT5: 10 | CU5: 0.116044 | CV5: =INDEX($CS:$CS,MATCH(CT5,$CQ:$CQ,1)) -> 907.47388 | CW5: =CV5/50 -CX$2 -> 18.933715 | CY5: 3 | CZ5: 0.2 | DA5: 0.00593 | DB5: 20.25216 | DC5: 10 | DD5: 0.10585 | DE5: =INDEX($DB:$DB,MATCH(DC5,$CZ:$CZ,1)) -> 948.68994 | DF5: =DE5/50 -DG$2 -> 19.01293 | DH5: 3 | DI5: 0.2 | DJ5: 0.00592 | DK5: 20.03774 | DL5: 10 | DM5: 0.092755 | DN5: =INDEX($DK:$DK,MATCH(DL5,$DI:$DI,1)) -> 951.74982 | DO5: =DN5/50 -DP$2 -> 19.097545 | DQ5: 3 | DR5: 0.2 | DS5: 0.00594 | DT5: 21.89614 | DU5: 10 | DV5: 0.100096 | DW5: =INDEX($DT:$DT,MATCH(DU5,$DR:$DR,1)) -> 962.43243 | DX5: =DW5/50 -DY$2 -> 19.298695 | DZ5: 3 | EA5: 0.2 | EB5: 0.00592 | EC5: 21.76481 | ED5: 10 | EE5: 0.099315 | EF5: =INDEX($DT:$DT,MATCH(ED5,$DR:$DR,1)) -> 962.43243 | EG5: =EF5/50 -EH$2 -> 19.298695
B6: 4 | C6: 0.3 | D6: 0.00925 | E6: 37.50064 | F6: 15 | G6: 0.170421 | H6: =INDEX($E:$E,MATCH(F6,$C:$C,1)) -> 1386.5933 | I6: =H6/50 -J$2 -> 27.730763 | K6: 4 | L6: 0.3 | M6: 0.00922 | N6: 39.02543 | O6: 15 | P6: 0.167395 | Q6: =INDEX($N:$N,MATCH(O6,$L:$L,1)) -> 1395.3009 | R6: =Q6/50 -S$2 -> 27.909357 | T6: 4 | U6: 0.3 | V6: 0.00925 | W6: 26.09324 | X6: 15 | Y6: 0.180618 | Z6: =INDEX($W:$W,MATCH(X6,$U:$U,1)) -> 1400.386 | AA6: =Z6/50 -AB$2 -> 28.24522 | AC6: 4 | AD6: 0.3 | AE6: 0.00928 | AF6: 9.59118 | AG6: 15 | AH6: 0.174061 | AI6: =INDEX($AF:$AF,MATCH(AG6,$AD:$AD,1)) -> 1351.071 | AJ6: =AI6/50 -AK$2 -> 27.628907 | AL6: 4 | AM6: 0.3 | AN6: 0.00922 | AO6: 34.98667 | AP6: 15 | AQ6: 0.17253 | AR6: =INDEX($AO:$AO,MATCH(AP6,$AM:$AM,1)) -> 1361.8131 | AS6: =AR6/50 -AT$2 -> 27.256451 | AV6: 4 | AW6: 0.3 | AX6: 0.00926 | AY6: 38.67142 | AZ6: 15 | BA6: 0.17742 | BB6: =INDEX($AY:$AY,MATCH(AZ6,$AW:$AW,1)) -> 1373.9419 | BC6: =BB6/50 -BD$2 -> 27.483273 | BE6: 4 | BF6: 0.3 | BG6: 0.00926 | BH6: 37.20214 | BI6: 15 | BJ6: 0.150838 | BK6: =INDEX($BH:$BH,MATCH(BI6,$BF:$BF,1)) -> 1343.2742 | BL6: =BK6/50 -BM$2 -> 26.90769 | BN6: 4 | BO6: 0.3 | BP6: 0.00923 | BQ6: 3.90801 | BR6: 15 | BS6: 0.141127 | BT6: =INDEX($BQ:$BQ,MATCH(BR6,$BO:$BO,1)) -> 1314.2837 | BU6: =BT6/50 -BV$2 -> 27.00372 | BW6: 4 | BX6: 0.3 | BY6: 0.00922 | BZ6: 34.93936 | CA6: 15 | CB6: 0.147049 | CC6: =INDEX($BZ:$BZ,MATCH(CA6,$BX:$BX,1)) -> 1341.4857 | CD6: =CC6/50 -CE$2 -> 26.863408 | CF6: 4 | CG6: 0.3 | CH6: 0.00927 | CI6: 39.45032 | CJ6: 15 | CK6: 0.156911 | CL6: =INDEX($CI:$CI,MATCH(CJ6,$CG:$CG,1)) -> 1369.8976 | CM6: =CL6/50 -CN$2 -> 27.428889 | CP6: 4 | CQ6: 0.3 | CR6: 0.00925 | CS6: 0.97494 | CT6: 15 | CU6: 0.166112 | CV6: =INDEX($CS:$CS,MATCH(CT6,$CQ:$CQ,1)) -> 1284.7294 | CW6: =CV6/50 -CX$2 -> 26.478825 | CY6: 4 | CZ6: 0.3 | DA6: 0.00923 | DB6: 35.21073 | DC6: 15 | DD6: 0.158727 | DE6: =INDEX($DB:$DB,MATCH(DC6,$CZ:$CZ,1)) -> 1333.5302 | DF6: =DE6/50 -DG$2 -> 26.709734 | DH6: 4 | DI6: 0.3 | DJ6: 0.00924 | DK6: 34.82971 | DL6: 15 | DM6: 0.140189 | DN6: =INDEX($DK:$DK,MATCH(DL6,$DI:$DI,1)) -> 1342.5884 | DO6: =DN6/50 -DP$2 -> 26.914316 | DQ6: 4 | DR6: 0.3 | DS6: 0.00924 | DT6: 37.19354 | DU6: 15 | DV6: 0.149917 | DW6: =INDEX($DT:$DT,MATCH(DU6,$DR:$DR,1)) -> 1348.9824 | DX6: =DW6/50 -DY$2 -> 27.029695 | DZ6: 4 | EA6: 0.3 | EB6: 0.00924 | EC6: 36.24033 | ED6: 15 | EE6: 0.143988 | EF6: =INDEX($DT:$DT,MATCH(ED6,$DR:$DR,1)) -> 1348.9824 | EG6: =EF6/50 -EH$2 -> 27.029695
B7: 5 | C7: 0.4 | D7: 0.01259 | E7: 52.31504 | F7: 20 | G7: 0.201564 | H7: =INDEX($E:$E,MATCH(F7,$C:$C,1)) -> 1670.7198 | I7: =H7/50 -J$2 -> 33.413294 | K7: 5 | L7: 0.4 | M7: 0.01257 | N7: 54.42719 | O7: 20 | P7: 0.210055 | Q7: =INDEX($N:$N,MATCH(O7,$L:$L,1)) -> 1714.9608 | R7: =Q7/50 -S$2 -> 34.302555 | T7: 5 | U7: 0.4 | V7: 0.01259 | W7: 41.31741 | X7: 20 | Y7: 0.220183 | Z7: =INDEX($W:$W,MATCH(X7,$U:$U,1)) -> 1723.8905 | AA7: =Z7/50 -AB$2 -> 34.71531 | AC7: 5 | AD7: 0.4 | AE7: 0.0126 | AF7: 23.98091 | AG7: 20 | AH7: 0.206849 | AI7: =INDEX($AF:$AF,MATCH(AG7,$AD:$AD,1)) -> 1644.0842 | AJ7: =AI7/50 -AK$2 -> 33.489171 | AL7: 5 | AM7: 0.4 | AN7: 0.01261 | AO7: 50.07394 | AP7: 20 | AQ7: 0.204142 | AR7: =INDEX($AO:$AO,MATCH(AP7,$AM:$AM,1)) -> 1632.3374 | AS7: =AR7/50 -AT$2 -> 32.666937 | AV7: 5 | AW7: 0.4 | AX7: 0.0126 | AY7: 53.57573 | AZ7: 20 | BA7: 0.209853 | BB7: =INDEX($AY:$AY,MATCH(AZ7,$AW:$AW,1)) -> 1635.1219 | BC7: =BB7/50 -BD$2 -> 32.706874 | BE7: 5 | BF7: 0.4 | BG7: 0.01257 | BH7: 50.98991 | BI7: 20 | BJ7: 0.189059 | BK7: =INDEX($BH:$BH,MATCH(BI7,$BF:$BF,1)) -> 1682.9093 | BL7: =BK7/50 -BM$2 -> 33.700393 | BN7: 5 | BO7: 0.4 | BP7: 0.0126 | BQ7: 18.8865 | BR7: 20 | BS7: 0.191722 | BT7: =INDEX($BQ:$BQ,MATCH(BR7,$BO:$BO,1)) -> 1636.7775 | BU7: =BT7/50 -BV$2 -> 33.453596 | BW7: 5 | BX7: 0.4 | BY7: 0.01257 | BZ7: 49.58845 | CA7: 20 | CB7: 0.186041 | CC7: =INDEX($BZ:$BZ,MATCH(CA7,$BX:$BX,1)) -> 1660.3229 | CD7: =CC7/50 -CE$2 -> 33.240152 | CF7: 5 | CG7: 0.4 | CH7: 0.01259 | CI7: 53.92929 | CJ7: 20 | CK7: 0.190897 | CL7: =INDEX($CI:$CI,MATCH(CJ7,$CG:$CG,1)) -> 1645.8389 | CM7: =CL7/50 -CN$2 -> 32.947715 | CP7: 5 | CQ7: 0.4 | CR7: 0.01258 | CS7: 14.95837 | CT7: 20 | CU7: 0.209299 | CV7: =INDEX($CS:$CS,MATCH(CT7,$CQ:$CQ,1)) -> 1530.7856 | CW7: =CV7/50 -CX$2 -> 31.39995 | CY7: 5 | CZ7: 0.4 | DA7: 0.01256 | DB7: 49.81997 | DC7: 20 | DD7: 0.190119 | DE7: =INDEX($DB:$DB,MATCH(DC7,$CZ:$CZ,1)) -> 1647.4077 | DF7: =DE7/50 -DG$2 -> 32.987285 | DH7: 5 | DI7: 0.4 | DJ7: 0.01257 | DK7: 47.69797 | DL7: 20 | DM7: 0.179601 | DN7: =INDEX($DK:$DK,MATCH(DL7,$DI:$DI,1)) -> 1676.359 | DO7: =DN7/50 -DP$2 -> 33.589729 | DQ7: 5 | DR7: 0.4 | DS7: 0.01257 | DT7: 51.00179 | DU7: 20 | DV7: 0.189372 | DW7: =INDEX($DT:$DT,MATCH(DU7,$DR:$DR,1)) -> 1670.2986 | DX7: =DW7/50 -DY$2 -> 33.456018 | DZ7: 5 | EA7: 0.4 | EB7: 0.01257 | EC7: 50.80299 | ED7: 20 | EE7: 0.18839 | EF7: =INDEX($DT:$DT,MATCH(ED7,$DR:$DR,1)) -> 1670.2986 | EG7: =EF7/50 -EH$2 -> 33.456018
B8: 6 | C8: 0.5 | D8: 0.01589 | E8: 67.13201 | F8: 25 | G8: 0.243053 | H8: =INDEX($E:$E,MATCH(F8,$C:$C,1)) -> 2023.2876 | I8: =H8/50 -J$2 -> 40.464649 | K8: 6 | L8: 0.5 | M8: 0.01591 | N8: 68.74162 | O8: 25 | P8: 0.257992 | Q8: =INDEX($N:$N,MATCH(O8,$L:$L,1)) -> 2092.4758 | R8: =Q8/50 -S$2 -> 41.852855 | T8: 6 | U8: 0.5 | V8: 0.01593 | W8: 56.31699 | X8: 25 | Y8: 0.264557 | Z8: =INDEX($W:$W,MATCH(X8,$U:$U,1)) -> 2085.6067 | AA8: =Z8/50 -AB$2 -> 41.949634 | AC8: 6 | AD8: 0.5 | AE8: 0.01591 | AF8: 38.62905 | AG8: 25 | AH8: 0.26077 | AI8: =INDEX($AF:$AF,MATCH(AG8,$AD:$AD,1)) -> 2011.6736 | AJ8: =AI8/50 -AK$2 -> 40.840958 | AL8: 6 | AM8: 0.5 | AN8: 0.01591 | AO8: 64.80479 | AP8: 25 | AQ8: 0.260686 | AR8: =INDEX($AO:$AO,MATCH(AP8,$AM:$AM,1)) -> 2053.678 | AS8: =AR8/50 -AT$2 -> 41.093748 | AV8: 6 | AW8: 0.5 | AX8: 0.01593 | AY8: 67.90805 | AZ8: 25 | BA8: 0.249334 | BB8: =INDEX($AY:$AY,MATCH(AZ8,$AW:$AW,1)) -> 1982.7106 | BC8: =BB8/50 -BD$2 -> 39.658647 | BE8: 6 | BF8: 0.5 | BG8: 0.01588 | BH8: 65.50594 | BI8: 25 | BJ8: 0.233073 | BK8: =INDEX($BH:$BH,MATCH(BI8,$BF:$BF,1)) -> 2029.0569 | BL8: =BK8/50 -BM$2 -> 40.623344 | BN8: 6 | BO8: 0.5 | BP8: 0.01591 | BQ8: 32.61319 | BR8: 25 | BS8: 0.233855 | BT8: =INDEX($BQ:$BQ,MATCH(BR8,$BO:$BO,1)) -> 2029.2065 | BU8: =BT8/50 -BV$2 -> 41.302177 | BW8: 6 | BX8: 0.5 | BY8: 0.01593 | BZ8: 63.95025 | CA8: 25 | CB8: 0.228488 | CC8: =INDEX($BZ:$BZ,MATCH(CA8,$BX:$BX,1)) -> 2058.4766 | CD8: =CC8/50 -CE$2 -> 41.203225 | CF8: 6 | CG8: 0.5 | CH8: 0.01593 | CI8: 68.62737 | CJ8: 25 | CK8: 0.246357 | CL8: =INDEX($CI:$CI,MATCH(CJ8,$CG:$CG,1)) -> 2065.8975 | CM8: =CL8/50 -CN$2 -> 41.348887 | CP8: 6 | CQ8: 0.5 | CR8: 0.01592 | CS8: 29.30192 | CT8: 25 | CU8: 0.250161 | CV8: =INDEX($CS:$CS,MATCH(CT8,$CQ:$CQ,1)) -> 1882.5316 | CW8: =CV8/50 -CX$2 -> 38.43487 | CY8: 6 | CZ8: 0.5 | DA8: 0.01588 | DB8: 64.02524 | DC8: 25 | DD8: 0.246172 | DE8: =INDEX($DB:$DB,MATCH(DC8,$CZ:$CZ,1)) -> 2040.5783 | DF8: =DE8/50 -DG$2 -> 40.850696 | DH8: 6 | DI8: 0.5 | DJ8: 0.01591 | DK8: 61.92271 | DL8: 25 | DM8: 0.2288 | DN8: =INDEX($DK:$DK,MATCH(DL8,$DI:$DI,1)) -> 2079.2898 | DO8: =DN8/50 -DP$2 -> 41.648344 | DQ8: 6 | DR8: 0.5 | DS8: 0.0159 | DT8: 65.46822 | DU8: 25 | DV8: 0.236913 | DW8: =INDEX($DT:$DT,MATCH(DU8,$DR:$DR,1)) -> 2075.8254 | DX8: =DW8/50 -DY$2 -> 41.566555 | DZ8: 6 | EA8: 0.5 | EB8: 0.01591 | EC8: 64.90306 | ED8: 25 | EE8: 0.2391 | EF8: =INDEX($DT:$DT,MATCH(ED8,$DR:$DR,1)) -> 2075.8254 | EG8: =EF8/50 -EH$2 -> 41.566555
B9: 7 | C9: 0.6 | D9: 0.01924 | E9: 82.60587 | F9: 30 | G9: 0.305862 | H9: =INDEX($E:$E,MATCH(F9,$C:$C,1)) -> 2407.396 | I9: =H9/50 -J$2 -> 48.146817 | K9: 7 | L9: 0.6 | M9: 0.01923 | N9: 83.32127 | O9: 30 | P9: 0.293562 | Q9: =INDEX($N:$N,MATCH(O9,$L:$L,1)) -> 2460.7634 | R9: =Q9/50 -S$2 -> 49.218607 | T9: 7 | U9: 0.6 | V9: 0.01928 | W9: 70.97006 | X9: 30 | Y9: 0.332109 | Z9: =INDEX($W:$W,MATCH(X9,$U:$U,1)) -> 2494.9145 | AA9: =Z9/50 -AB$2 -> 50.135791 | AC9: 7 | AD9: 0.6 | AE9: 0.01925 | AF9: 53.39552 | AG9: 30 | AH9: 0.300926 | AI9: =INDEX($AF:$AF,MATCH(AG9,$AD:$AD,1)) -> 2451.5134 | AJ9: =AI9/50 -AK$2 -> 49.637755 | AL9: 7 | AM9: 0.6 | AN9: 0.0192 | AO9: 77.74777 | AP9: 30 | AQ9: 0.304251 | AR9: =INDEX($AO:$AO,MATCH(AP9,$AM:$AM,1)) -> 2468.7847 | AS9: =AR9/50 -AT$2 -> 49.395882 | AV9: 7 | AW9: 0.6 | AX9: 0.01925 | AY9: 82.09801 | AZ9: 30 | BA9: 0.290903 | BB9: =INDEX($AY:$AY,MATCH(AZ9,$AW:$AW,1)) -> 2321.0781 | BC9: =BB9/50 -BD$2 -> 46.425998 | BE9: 7 | BF9: 0.6 | BG9: 0.01929 | BH9: 79.60471 | BI9: 30 | BJ9: 0.28547 | BK9: =INDEX($BH:$BH,MATCH(BI9,$BF:$BF,1)) -> 2418.6362 | BL9: =BK9/50 -BM$2 -> 48.414931 | BN9: 7 | BO9: 0.6 | BP9: 0.01925 | BQ9: 46.70567 | BR9: 30 | BS9: 0.288172 | BT9: =INDEX($BQ:$BQ,MATCH(BR9,$BO:$BO,1)) -> 2444.3733 | BU9: =BT9/50 -BV$2 -> 49.605512 | BW9: 7 | BX9: 0.6 | BY9: 0.01927 | BZ9: 77.61271 | CA9: 30 | CB9: 0.279822 | CC9: =INDEX($BZ:$BZ,MATCH(CA9,$BX:$BX,1)) -> 2461.4541 | CD9: =CC9/50 -CE$2 -> 49.262776 | CF9: 7 | CG9: 0.6 | CH9: 0.01929 | CI9: 83.55175 | CJ9: 30 | CK9: 0.292215 | CL9: =INDEX($CI:$CI,MATCH(CJ9,$CG:$CG,1)) -> 2477.7402 | CM9: =CL9/50 -CN$2 -> 49.585742 | CP9: 7 | CQ9: 0.6 | CR9: 0.01929 | CS9: 43.10009 | CT9: 30 | CU9: 0.301387 | CV9: =INDEX($CS:$CS,MATCH(CT9,$CQ:$CQ,1)) -> 2304.3398 | CW9: =CV9/50 -CX$2 -> 46.871034 | CY9: 7 | CZ9: 0.6 | DA9: 0.01925 | DB9: 78.21851 | DC9: 30 | DD9: 0.297215 | DE9: =INDEX($DB:$DB,MATCH(DC9,$CZ:$CZ,1)) -> 2448.7231 | DF9: =DE9/50 -DG$2 -> 49.013594 | DH9: 7 | DI9: 0.6 | DJ9: 0.01929 | DK9: 75.60043 | DL9: 30 | DM9: 0.278409 | DN9: =INDEX($DK:$DK,MATCH(DL9,$DI:$DI,1)) -> 2498.3125 | DO9: =DN9/50 -DP$2 -> 50.028799 | DQ9: 7 | DR9: 0.6 | DS9: 0.01925 | DT9: 79.52792 | DU9: 30 | DV9: 0.285029 | DW9: =INDEX($DT:$DT,MATCH(DU9,$DR:$DR,1)) -> 2496.7051 | DX9: =DW9/50 -DY$2 -> 49.984148 | DZ9: 7 | EA9: 0.6 | EB9: 0.01929 | EC9: 79.28552 | ED9: 30 | EE9: 0.284974 | EF9: =INDEX($DT:$DT,MATCH(ED9,$DR:$DR,1)) -> 2496.7051 | EG9: =EF9/50 -EH$2 -> 49.984148
B10: 8 | C10: 0.7 | D10: 0.0226 | E10: 96.33035 | F10: 35 | G10: 0.34572 | H10: =INDEX($E:$E,MATCH(F10,$C:$C,1)) -> 2836.7395 | I10: =H10/50 -J$2 -> 56.733687 | K10: 8 | L10: 0.7 | M10: 0.0226 | N10: 97.41126 | O10: 35 | P10: 0.351775 | Q10: =INDEX($N:$N,MATCH(O10,$L:$L,1)) -> 2860.2759 | R10: =Q10/50 -S$2 -> 57.208856 | T10: 8 | U10: 0.7 | V10: 0.02259 | W10: 85.21185 | X10: 35 | Y10: 0.376781 | Z10: =INDEX($W:$W,MATCH(X10,$U:$U,1)) -> 2934.6655 | AA10: =Z10/50 -AB$2 -> 58.930811 | AC10: 8 | AD10: 0.7 | AE10: 0.02253 | AF10: 67.01286 | AG10: 35 | AH10: 0.356968 | AI10: =INDEX($AF:$AF,MATCH(AG10,$AD:$AD,1)) -> 2883.3662 | AJ10: =AI10/50 -AK$2 -> 58.274811 | AL10: 8 | AM10: 0.7 | AN10: 0.0226 | AO10: 92.57961 | AP10: 35 | AQ10: 0.355651 | AR10: =INDEX($AO:$AO,MATCH(AP10,$AM:$AM,1)) -> 2881.5185 | AS10: =AR10/50 -AT$2 -> 57.65056 | AV10: 8 | AW10: 0.7 | AX10: 0.02259 | AY10: 96.23087 | AZ10: 35 | BA10: 0.329648 | BB10: =INDEX($AY:$AY,MATCH(AZ10,$AW:$AW,1)) -> 2750.9749 | BC10: =BB10/50 -BD$2 -> 55.023932 | BE10: 8 | BF10: 0.7 | BG10: 0.0226 | BH10: 93.79571 | BI10: 35 | BJ10: 0.336537 | BK10: =INDEX($BH:$BH,MATCH(BI10,$BF:$BF,1)) -> 2834.6885 | BL10: =BK10/50 -BM$2 -> 56.735976 | BN10: 8 | BO10: 0.7 | BP10: 0.02263 | BQ10: 61.13026 | BR10: 35 | BS10: 0.344358 | BT10: =INDEX($BQ:$BQ,MATCH(BR10,$BO:$BO,1)) -> 2862.1824 | BU10: =BT10/50 -BV$2 -> 57.961694 | BW10: 8 | BX10: 0.7 | BY10: 0.02261 | BZ10: 91.5381 | CA10: 35 | CB10: 0.333386 | CC10: =INDEX($BZ:$BZ,MATCH(CA10,$BX:$BX,1)) -> 2860.1597 | CD10: =CC10/50 -CE$2 -> 57.236887 | CF10: 8 | CG10: 0.7 | CH10: 0.02258 | CI10: 97.45599 | CJ10: 35 | CK10: 0.348075 | CL10: =INDEX($CI:$CI,MATCH(CJ10,$CG:$CG,1)) -> 2890.3144 | CM10: =CL10/50 -CN$2 -> 57.837226 | CP10: 8 | CQ10: 0.7 | CR10: 0.02261 | CS10: 55.81335 | CT10: 35 | CU10: 0.343041 | CV10: =INDEX($CS:$CS,MATCH(CT10,$CQ:$CQ,1)) -> 2715.8352 | CW10: =CV10/50 -CX$2 -> 55.100942 | CY10: 8 | CZ10: 0.7 | DA10: 0.02261 | DB10: 91.31828 | DC10: 35 | DD10: 0.345849 | DE10: =INDEX($DB:$DB,MATCH(DC10,$CZ:$CZ,1)) -> 2863.5671 | DF10: =DE10/50 -DG$2 -> 57.310474 | DH10: 8 | DI10: 0.7 | DJ10: 0.02261 | DK10: 88.44064 | DL10: 35 | DM10: 0.331275 | DN10: =INDEX($DK:$DK,MATCH(DL10,$DI:$DI,1)) -> 2915.9092 | DO10: =DN10/50 -DP$2 -> 58.380732 | DQ10: 8 | DR10: 0.7 | DS10: 0.02262 | DT10: 92.72227 | DU10: 35 | DV10: 0.338231 | DW10: =INDEX($DT:$DT,MATCH(DU10,$DR:$DR,1)) -> 2911.7656 | DX10: =DW10/50 -DY$2 -> 58.285359 | DZ10: 8 | EA10: 0.7 | EB10: 0.02261 | EC10: 93.04475 | ED10: 35 | EE10: 0.338818 | EF10: =INDEX($DT:$DT,MATCH(ED10,$DR:$DR,1)) -> 2911.7656 | EG10: =EF10/50 -EH$2 -> 58.285359
B11: 9 | C11: 0.8 | D11: 0.02588 | E11: 110.76505 | F11: 40 | G11: 0.380336 | H11: =INDEX($E:$E,MATCH(F11,$C:$C,1)) -> 3271.3091 | I11: =H11/50 -J$2 -> 65.425079 | K11: 9 | L11: 0.8 | M11: 0.02592 | N11: 111.87691 | O11: 40 | P11: 0.392228 | Q11: =INDEX($N:$N,MATCH(O11,$L:$L,1)) -> 3295.906 | R11: =Q11/50 -S$2 -> 65.921459 | T11: 9 | U11: 0.8 | V11: 0.02587 | W11: 99.46307 | X11: 40 | Y11: 0.439563 | Z11: =INDEX($W:$W,MATCH(X11,$U:$U,1)) -> 3370.2019 | AA11: =Z11/50 -AB$2 -> 67.641538 | AC11: 9 | AD11: 0.8 | AE11: 0.02591 | AF11: 81.06045 | AG11: 40 | AH11: 0.408276 | AI11: =INDEX($AF:$AF,MATCH(AG11,$AD:$AD,1)) -> 3311.811 | AJ11: =AI11/50 -AK$2 -> 66.843707 | AL11: 9 | AM11: 0.8 | AN11: 0.02595 | AO11: 106.66486 | AP11: 40 | AQ11: 0.401567 | AR11: =INDEX($AO:$AO,MATCH(AP11,$AM:$AM,1)) -> 3301.9326 | AS11: =AR11/50 -AT$2 -> 66.058841 | AV11: 9 | AW11: 0.8 | AX11: 0.0259 | AY11: 110.42807 | AZ11: 40 | BA11: 0.388674 | BB11: =INDEX($AY:$AY,MATCH(AZ11,$AW:$AW,1)) -> 3185.0718 | BC11: =BB11/50 -BD$2 -> 63.705871 | BE11: 9 | BF11: 0.8 | BG11: 0.02591 | BH11: 106.44426 | BI11: 40 | BJ11: 0.388781 | BK11: =INDEX($BH:$BH,MATCH(BI11,$BF:$BF,1)) -> 3281.0847 | BL11: =BK11/50 -BM$2 -> 65.663901 | BN11: 9 | BO11: 0.8 | BP11: 0.02594 | BQ11: 74.53127 | BR11: 40 | BS11: 0.393226 | BT11: =INDEX($BQ:$BQ,MATCH(BR11,$BO:$BO,1)) -> 3308.4756 | BU11: =BT11/50 -BV$2 -> 66.887558 | BW11: 9 | BX11: 0.8 | BY11: 0.02593 | BZ11: 104.70209 | CA11: 40 | CB11: 0.385216 | CC11: =INDEX($BZ:$BZ,MATCH(CA11,$BX:$BX,1)) -> 3293.9358 | CD11: =CC11/50 -CE$2 -> 65.91241 | CF11: 9 | CG11: 0.8 | CH11: 0.02594 | CI11: 111.28018 | CJ11: 40 | CK11: 0.402776 | CL11: =INDEX($CI:$CI,MATCH(CJ11,$CG:$CG,1)) -> 3334.8445 | CM11: =CL11/50 -CN$2 -> 66.727827 | CP11: 9 | CQ11: 0.8 | CR11: 0.02594 | CS11: 69.11845 | CT11: 40 | CU11: 0.393244 | CV11: =INDEX($CS:$CS,MATCH(CT11,$CQ:$CQ,1)) -> 3158.772 | CW11: =CV11/50 -CX$2 -> 63.959677 | CY11: 9 | CZ11: 0.8 | DA11: 0.02593 | DB11: 105.28852 | DC11: 40 | DD11: 0.395846 | DE11: =INDEX($DB:$DB,MATCH(DC11,$CZ:$CZ,1)) -> 3302.1008 | DF11: =DE11/50 -DG$2 -> 66.081148 | DH11: 9 | DI11: 0.8 | DJ11: 0.02593 | DK11: 102.48106 | DL11: 40 | DM11: 0.384866 | DN11: =INDEX($DK:$DK,MATCH(DL11,$DI:$DI,1)) -> 3362.7183 | DO11: =DN11/50 -DP$2 -> 67.316914 | DQ11: 9 | DR11: 0.8 | DS11: 0.02594 | DT11: 105.96255 | DU11: 40 | DV11: 0.39227 | DW11: =INDEX($DT:$DT,MATCH(DU11,$DR:$DR,1)) -> 3334.0391 | DX11: =DW11/50 -DY$2 -> 66.730827 | DZ11: 9 | EA11: 0.8 | EB11: 0.02593 | EC11: 106.27454 | ED11: 40 | EE11: 0.395958 | EF11: =INDEX($DT:$DT,MATCH(ED11,$DR:$DR,1)) -> 3334.0391 | EG11: =EF11/50 -EH$2 -> 66.730827
B12: 10 | C12: 0.9 | D12: 0.02926 | E12: 125.08131 | F12: 45 | G12: 0.44483 | H12: =INDEX($E:$E,MATCH(F12,$C:$C,1)) -> 3717.3472 | I12: =H12/50 -J$2 -> 74.345841 | K12: 10 | L12: 0.9 | M12: 0.02926 | N12: 126.16825 | O12: 45 | P12: 0.452001 | Q12: =INDEX($N:$N,MATCH(O12,$L:$L,1)) -> 3757.0046 | R12: =Q12/50 -S$2 -> 75.143432 | T12: 10 | U12: 0.9 | V12: 0.02923 | W12: 113.29327 | X12: 45 | Y12: 0.479861 | Z12: =INDEX($W:$W,MATCH(X12,$U:$U,1)) -> 3829.3103 | AA12: =Z12/50 -AB$2 -> 76.823706 | AC12: 10 | AD12: 0.9 | AE12: 0.02927 | AF12: 95.44229 | AG12: 45 | AH12: 0.461008 | AI12: =INDEX($AF:$AF,MATCH(AG12,$AD:$AD,1)) -> 3744.5276 | AJ12: =AI12/50 -AK$2 -> 75.498038 | AL12: 10 | AM12: 0.9 | AN12: 0.02924 | AO12: 119.69788 | AP12: 45 | AQ12: 0.456572 | AR12: =INDEX($AO:$AO,MATCH(AP12,$AM:$AM,1)) -> 3758.0415 | AS12: =AR12/50 -AT$2 -> 75.181019 | AV12: 10 | AW12: 0.9 | AX12: 0.02923 | AY12: 123.88917 | AZ12: 45 | BA12: 0.446476 | BB12: =INDEX($AY:$AY,MATCH(AZ12,$AW:$AW,1)) -> 3626.4868 | BC12: =BB12/50 -BD$2 -> 72.534172 | BE12: 10 | BF12: 0.9 | BG12: 0.02926 | BH12: 119.51877 | BI12: 45 | BJ12: 0.442596 | BK12: =INDEX($BH:$BH,MATCH(BI12,$BF:$BF,1)) -> 3731.2014 | BL12: =BK12/50 -BM$2 -> 74.666235 | BN12: 10 | BO12: 0.9 | BP12: 0.02919 | BQ12: 87.38879 | BR12: 45 | BS12: 0.450596 | BT12: =INDEX($BQ:$BQ,MATCH(BR12,$BO:$BO,1)) -> 3761.3977 | BU12: =BT12/50 -BV$2 -> 75.946001 | BW12: 10 | BX12: 0.9 | BY12: 0.02927 | BZ12: 117.35431 | CA12: 45 | CB12: 0.434467 | CC12: =INDEX($BZ:$BZ,MATCH(CA12,$BX:$BX,1)) -> 3742.4492 | CD12: =CC12/50 -CE$2 -> 74.882678 | CF12: 10 | CG12: 0.9 | CH12: 0.02924 | CI12: 124.77747 | CJ12: 45 | CK12: 0.452451 | CL12: =INDEX($CI:$CI,MATCH(CJ12,$CG:$CG,1)) -> 3786.9116 | CM12: =CL12/50 -CN$2 -> 75.76917 | CP12: 10 | CQ12: 0.9 | CR12: 0.02926 | CS12: 81.4973 | CT12: 45 | CU12: 0.462585 | CV12: =INDEX($CS:$CS,MATCH(CT12,$CQ:$CQ,1)) -> 3606.728 | CW12: =CV12/50 -CX$2 -> 72.918798 | CY12: 10 | CZ12: 0.9 | DA12: 0.02927 | DB12: 117.66131 | DC12: 45 | DD12: 0.449824 | DE12: =INDEX($DB:$DB,MATCH(DC12,$CZ:$CZ,1)) -> 3745.7034 | DF12: =DE12/50 -DG$2 -> 74.953199 | DH12: 10 | DI12: 0.9 | DJ12: 0.02926 | DK12: 114.9072 | DL12: 45 | DM12: 0.437397 | DN12: =INDEX($DK:$DK,MATCH(DL12,$DI:$DI,1)) -> 3819.4624 | DO12: =DN12/50 -DP$2 -> 76.451797 | DQ12: 10 | DR12: 0.9 | DS12: 0.02927 | DT12: 119.25312 | DU12: 45 | DV12: 0.445532 | DW12: =INDEX($DT:$DT,MATCH(DU12,$DR:$DR,1)) -> 3797.7629 | DX12: =DW12/50 -DY$2 -> 76.005305 | DZ12: 10 | EA12: 0.9 | EB12: 0.02925 | EC12: 118.60654 | ED12: 45 | EE12: 0.449242 | EF12: =INDEX($DT:$DT,MATCH(ED12,$DR:$DR,1)) -> 3797.7629 | EG12: =EF12/50 -EH$2 -> 76.005305
B13: 11 | C13: 1 | D13: 0.03262 | E13: 139.94548 | F13: 50 | G13: 0.508508 | H13: =INDEX($E:$E,MATCH(F13,$C:$C,1)) -> 4172.2583 | I13: =H13/50 -J$2 -> 83.444063 | K13: 11 | L13: 1 | M13: 0.03263 | N13: 140.09958 | O13: 50 | P13: 0.507178 | Q13: =INDEX($N:$N,MATCH(O13,$L:$L,1)) -> 4225.0728 | R13: =Q13/50 -S$2 -> 84.504794 | T13: 11 | U13: 1 | V13: 0.03254 | W13: 127.47369 | X13: 50 | Y13: 0.540776 | Z13: =INDEX($W:$W,MATCH(X13,$U:$U,1)) -> 4307.3315 | AA13: =Z13/50 -AB$2 -> 86.384131 | AC13: 11 | AD13: 1 | AE13: 0.03258 | AF13: 108.74468 | AG13: 50 | AH13: 0.511798 | AI13: =INDEX($AF:$AF,MATCH(AG13,$AD:$AD,1)) -> 4217.9087 | AJ13: =AI13/50 -AK$2 -> 84.96566 | AL13: 11 | AM13: 1 | AN13: 0.03262 | AO13: 132.74953 | AP13: 50 | AQ13: 0.519153 | AR13: =INDEX($AO:$AO,MATCH(AP13,$AM:$AM,1)) -> 4219.5698 | AS13: =AR13/50 -AT$2 -> 84.411585 | AV13: 11 | AW13: 1 | AX13: 0.0326 | AY13: 138.02049 | AZ13: 50 | BA13: 0.498199 | BB13: =INDEX($AY:$AY,MATCH(AZ13,$AW:$AW,1)) -> 4077.6804 | BC13: =BB13/50 -BD$2 -> 81.558044 | BE13: 11 | BF13: 1 | BG13: 0.0326 | BH13: 132.49783 | BI13: 50 | BJ13: 0.497804 | BK13: =INDEX($BH:$BH,MATCH(BI13,$BF:$BF,1)) -> 4189.2563 | BL13: =BK13/50 -BM$2 -> 83.827334 | BN13: 11 | BO13: 1 | BP13: 0.03257 | BQ13: 100.60294 | BR13: 50 | BS13: 0.505604 | BT13: =INDEX($BQ:$BQ,MATCH(BR13,$BO:$BO,1)) -> 4221.3955 | BU13: =BT13/50 -BV$2 -> 85.145957 | BW13: 11 | BX13: 1 | BY13: 0.0326 | BZ13: 129.99245 | CA13: 50 | CB13: 0.493261 | CC13: =INDEX($BZ:$BZ,MATCH(CA13,$BX:$BX,1)) -> 4198.4307 | CD13: =CC13/50 -CE$2 -> 84.002307 | CF13: 11 | CG13: 1 | CH13: 0.03258 | CI13: 137.92412 | CJ13: 50 | CK13: 0.512227 | CL13: =INDEX($CI:$CI,MATCH(CJ13,$CG:$CG,1)) -> 4250.3921 | CM13: =CL13/50 -CN$2 -> 85.038779 | CP13: 11 | CQ13: 1 | CR13: 0.03257 | CS13: 92.71731 | CT13: 50 | CU13: 0.500419 | CV13: =INDEX($CS:$CS,MATCH(CT13,$CQ:$CQ,1)) -> 4064.3081 | CW13: =CV13/50 -CX$2 -> 82.0704 | CY13: 11 | CZ13: 1 | DA13: 0.03258 | DB13: 129.95599 | DC13: 50 | DD13: 0.508606 | DE13: =INDEX($DB:$DB,MATCH(DC13,$CZ:$CZ,1)) -> 4199.9004 | DF13: =DE13/50 -DG$2 -> 84.037139 | DH13: 11 | DI13: 1 | DJ13: 0.03256 | DK13: 126.89165 | DL13: 50 | DM13: 0.495315 | DN13: =INDEX($DK:$DK,MATCH(DL13,$DI:$DI,1)) -> 4285.4609 | DO13: =DN13/50 -DP$2 -> 85.771767 | DQ13: 11 | DR13: 1 | DS13: 0.03259 | DT13: 130.88585 | DU13: 50 | DV13: 0.503534 | DW13: =INDEX($DT:$DT,MATCH(DU13,$DR:$DR,1)) -> 4268.7871 | DX13: =DW13/50 -DY$2 -> 85.425788 | DZ13: 11 | EA13: 1 | EB13: 0.03257 | EC13: 131.12865 | ED13: 50 | EE13: 0.501624 | EF13: =INDEX($DT:$DT,MATCH(ED13,$DR:$DR,1)) -> 4268.7871 | EG13: =EF13/50 -EH$2 -> 85.425788
B14: 12 | C14: 1.1 | D14: 0.03592 | E14: 153.72855 | F14: 55 | G14: 0.557232 | H14: =INDEX($E:$E,MATCH(F14,$C:$C,1)) -> 4635.4175 | I14: =H14/50 -J$2 -> 92.707247 | K14: 12 | L14: 1.1 | M14: 0.03593 | N14: 153.38652 | O14: 55 | P14: 0.572441 | Q14: =INDEX($N:$N,MATCH(O14,$L:$L,1)) -> 4699.4956 | R14: =Q14/50 -S$2 -> 93.993251 | T14: 12 | U14: 1.1 | V14: 0.03592 | W14: 140.60976 | X14: 55 | Y14: 0.593243 | Z14: =INDEX($W:$W,MATCH(X14,$U:$U,1)) -> 4793.7124 | AA14: =Z14/50 -AB$2 -> 96.111748 | AC14: 12 | AD14: 1.1 | AE14: 0.03593 | AF14: 121.70372 | AG14: 55 | AH14: 0.573443 | AI14: =INDEX($AF:$AF,MATCH(AG14,$AD:$AD,1)) -> 4695.125 | AJ14: =AI14/50 -AK$2 -> 94.509987 | AL14: 12 | AM14: 1.1 | AN14: 0.03593 | AO14: 146.07446 | AP14: 55 | AQ14: 0.570547 | AR14: =INDEX($AO:$AO,MATCH(AP14,$AM:$AM,1)) -> 4689.8154 | AS14: =AR14/50 -AT$2 -> 93.816497 | AV14: 12 | AW14: 1.1 | AX14: 0.03593 | AY14: 151.30034 | AZ14: 55 | BA14: 0.554428 | BB14: =INDEX($AY:$AY,MATCH(AZ14,$AW:$AW,1)) -> 4534.8525 | BC14: =BB14/50 -BD$2 -> 90.701486 | BE14: 12 | BF14: 1.1 | BG14: 0.03587 | BH14: 143.58792 | BI14: 55 | BJ14: 0.547149 | BK14: =INDEX($BH:$BH,MATCH(BI14,$BF:$BF,1)) -> 4654.8262 | BL14: =BK14/50 -BM$2 -> 93.13873 | BN14: 12 | BO14: 1.1 | BP14: 0.0359 | BQ14: 112.87325 | BR14: 55 | BS14: 0.556324 | BT14: =INDEX($BQ:$BQ,MATCH(BR14,$BO:$BO,1)) -> 4688.2056 | BU14: =BT14/50 -BV$2 -> 94.482158 | BW14: 12 | BX14: 1.1 | BY14: 0.03591 | BZ14: 142.34113 | CA14: 55 | CB14: 0.545609 | CC14: =INDEX($BZ:$BZ,MATCH(CA14,$BX:$BX,1)) -> 4662.9849 | CD14: =CC14/50 -CE$2 -> 93.293391 | CF14: 12 | CG14: 1.1 | CH14: 0.03591 | CI14: 149.94064 | CJ14: 55 | CK14: 0.564412 | CL14: =INDEX($CI:$CI,MATCH(CJ14,$CG:$CG,1)) -> 4724.8794 | CM14: =CL14/50 -CN$2 -> 94.528525 | CP14: 12 | CQ14: 1.1 | CR14: 0.0359 | CS14: 104.29501 | CT14: 55 | CU14: 0.556029 | CV14: =INDEX($CS:$CS,MATCH(CT14,$CQ:$CQ,1)) -> 4527.0835 | CW14: =CV14/50 -CX$2 -> 91.325907 | CY14: 12 | CZ14: 1.1 | DA14: 0.03589 | DB14: 141.78853 | DC14: 55 | DD14: 0.555497 | DE14: =INDEX($DB:$DB,MATCH(DC14,$CZ:$CZ,1)) -> 4659.4033 | DF14: =DE14/50 -DG$2 -> 93.227198 | DH14: 12 | DI14: 1.1 | DJ14: 0.0359 | DK14: 139.05853 | DL14: 55 | DM14: 0.548867 | DN14: =INDEX($DK:$DK,MATCH(DL14,$DI:$DI,1)) -> 4756.9419 | DO14: =DN14/50 -DP$2 -> 95.201386 | DQ14: 12 | DR14: 1.1 | DS14: 0.0359 | DT14: 142.93422 | DU14: 55 | DV14: 0.55333 | DW14: =INDEX($DT:$DT,MATCH(DU14,$DR:$DR,1)) -> 4745.2017 | DX14: =DW14/50 -DY$2 -> 94.954079 | DZ14: 12 | EA14: 1.1 | EB14: 0.0359 | EC14: 143.2924 | ED14: 55 | EE14: 0.560174 | EF14: =INDEX($DT:$DT,MATCH(ED14,$DR:$DR,1)) -> 4745.2017 | EG14: =EF14/50 -EH$2 -> 94.954079
... B23: 21 | C23: 2 | D23: 0.06592 | E23: 265.38251 | F23: 100 | G23: 1.048359 | H23: =INDEX($E:$E,MATCH(F23,$C:$C,1)) -> 9154.2285 | I23: =H23/50 -J$2 -> 183.08347 | K23: 21 | L23: 2 | M23: 0.0659 | N23: 253.45027 | O23: 100 | P23: 1.070678 | Q23: =INDEX($N:$N,MATCH(O23,$L:$L,1)) -> 9280.7266 | R23: =Q23/50 -S$2 -> 185.61787 | T23: 21 | U23: 2 | V23: 0.06593 | W23: 242.14925 | X23: 100 | Y23: 1.10514 | Z23: =INDEX($W:$W,MATCH(X23,$U:$U,1)) -> 9438.1318 | AA23: =Z23/50 -AB$2 -> 189.00014 | AC23: 21 | AD23: 2 | AE23: 0.06594 | AF23: 220.92207 | AG23: 100 | AH23: 1.07256 | AI23: =INDEX($AF:$AF,MATCH(AG23,$AD:$AD,1)) -> 9261.4297 | AJ23: =AI23/50 -AK$2 -> 185.83608 | AL23: 21 | AM23: 2 | AN23: 0.06591 | AO23: 245.38513 | AP23: 100 | AQ23: 1.077979 | AR23: =INDEX($AO:$AO,MATCH(AP23,$AM:$AM,1)) -> 9211.3398 | AS23: =AR23/50 -AT$2 -> 184.24699 | AV23: 21 | AW23: 2 | AX23: 0.06595 | AY23: 251.60686 | AZ23: 100 | BA23: 1.060092 | BB23: =INDEX($AY:$AY,MATCH(AZ23,$AW:$AW,1)) -> 8983.542 | BC23: =BB23/50 -BD$2 -> 179.67527 | BE23: 21 | BF23: 2 | BG23: 0.06586 | BH23: 242.29008 | BI23: 100 | BJ23: 1.048894 | BK23: =INDEX($BH:$BH,MATCH(BI23,$BF:$BF,1)) -> 9142.7129 | BL23: =BK23/50 -BM$2 -> 182.89646 | BN23: 21 | BO23: 2 | BP23: 0.06592 | BQ23: 213.3779 | BR23: 100 | BS23: 1.054214 | BT23: =INDEX($BQ:$BQ,MATCH(BR23,$BO:$BO,1)) -> 9177.2324 | BU23: =BT23/50 -BV$2 -> 184.2627 | BW23: 21 | BX23: 2 | BY23: 0.06588 | BZ23: 237.80368 | CA23: 100 | CB23: 1.051667 | CC23: =INDEX($BZ:$BZ,MATCH(CA23,$BX:$BX,1)) -> 9167.5488 | CD23: =CC23/50 -CE$2 -> 183.38467 | CF23: 21 | CG23: 2 | CH23: 0.06593 | CI23: 250.80801 | CJ23: 100 | CK23: 1.065884 | CL23: =INDEX($CI:$CI,MATCH(CJ23,$CG:$CG,1)) -> 9315.0225 | CM23: =CL23/50 -CN$2 -> 186.33139 | CP23: 21 | CQ23: 2 | CR23: 0.0659 | CS23: 198.73399 | CT23: 100 | CU23: 1.053185 | CV23: =INDEX($CS:$CS,MATCH(CT23,$CQ:$CQ,1)) -> 9024.6455 | CW23: =CV23/50 -CX$2 -> 181.27715 | CY23: 21 | CZ23: 2 | DA23: 0.06589 | DB23: 238.37148 | DC23: 100 | DD23: 1.056221 | DE23: =INDEX($DB:$DB,MATCH(DC23,$CZ:$CZ,1)) -> 9113.6338 | DF23: =DE23/50 -DG$2 -> 182.31181 | DH23: 21 | DI23: 2 | DJ23: 0.0659 | DK23: 238.1541 | DL23: 100 | DM23: 1.053468 | DN23: =INDEX($DK:$DK,MATCH(DL23,$DI:$DI,1)) -> 9328.293 | DO23: =DN23/50 -DP$2 -> 186.62841 | DQ23: 21 | DR23: 2 | DS23: 0.0659 | DT23: 241.6111 | DU23: 100 | DV23: 1.059936 | DW23: =INDEX($DT:$DT,MATCH(DU23,$DR:$DR,1)) -> 9349.9072 | DX23: =DW23/50 -DY$2 -> 187.04819 | DZ23: 21 | EA23: 2 | EB23: 0.0659 | EC23: 242.77669 | ED23: 100 | EE23: 1.081097 | EF23: =INDEX($DT:$DT,MATCH(ED23,$DR:$DR,1)) -> 9349.9072 | EG23: =EF23/50 -EH$2 -> 187.04819
B24: 22 | C24: 2.1 | D24: 0.06924 | E24: 277.47162 | F24: 105 | G24: 1.102246 | H24: =INDEX($E:$E,MATCH(F24,$C:$C,1)) -> 9683.8223 | I24: =H24/50 -J$2 -> 193.67534 | K24: 22 | L24: 2.1 | M24: 0.06921 | N24: 264.31033 | O24: 105 | P24: 1.127675 | Q24: =INDEX($N:$N,MATCH(O24,$L:$L,1)) -> 9788.3574 | R24: =Q24/50 -S$2 -> 195.77049 | T24: 22 | U24: 2.1 | V24: 0.06929 | W24: 253.41075 | X24: 105 | Y24: 0.026445 | Z24: =INDEX($W:$W,MATCH(X24,$U:$U,1)) -> 5750.0772 | AA24: =Z24/50 -AB$2 -> 115.23904 | AC24: 22 | AD24: 2.1 | AE24: 0.06927 | AF24: 231.92424 | AG24: 105 | AH24: 1.130864 | AI24: =INDEX($AF:$AF,MATCH(AG24,$AD:$AD,1)) -> 9793.8311 | AJ24: =AI24/50 -AK$2 -> 196.48411 | AL24: 22 | AM24: 2.1 | AN24: 0.06921 | AO24: 254.76582 | AP24: 105 | AQ24: 1.136203 | AR24: =INDEX($AO:$AO,MATCH(AP24,$AM:$AM,1)) -> 9740.0996 | AS24: =AR24/50 -AT$2 -> 194.82218 | AV24: 22 | AW24: 2.1 | AX24: 0.06924 | AY24: 261.87747 | AZ24: 105 | BA24: 1.112785 | BB24: =INDEX($AY:$AY,MATCH(AZ24,$AW:$AW,1)) -> 9505.001 | BC24: =BB24/50 -BD$2 -> 190.10445 | BE24: 22 | BF24: 2.1 | BG24: 0.06927 | BH24: 252.29657 | BI24: 105 | BJ24: 2.935447 | BK24: =INDEX($BH:$BH,MATCH(BI24,$BF:$BF,1)) -> 5462.6602 | BL24: =BK24/50 -BM$2 -> 109.29541 | BN24: 22 | BO24: 2.1 | BP24: 0.06922 | BQ24: 224.00807 | BR24: 105 | BS24: 1.119263 | BT24: =INDEX($BQ:$BQ,MATCH(BR24,$BO:$BO,1)) -> 9704.0693 | BU24: =BT24/50 -BV$2 -> 194.79943 | BW24: 22 | BX24: 2.1 | BY24: 0.06925 | BZ24: 248.45647 | CA24: 105 | CB24: 1.102953 | CC24: =INDEX($BZ:$BZ,MATCH(CA24,$BX:$BX,1)) -> 9700.1113 | CD24: =CC24/50 -CE$2 -> 194.03592 | CF24: 22 | CG24: 2.1 | CH24: 0.06929 | CI24: 262.63898 | CJ24: 105 | CK24: 1.132169 | CL24: =INDEX($CI:$CI,MATCH(CJ24,$CG:$CG,1)) -> 9855.917 | CM24: =CL24/50 -CN$2 -> 197.14928 | CP24: 22 | CQ24: 2.1 | CR24: 0.06928 | CS24: 209.74486 | CT24: 105 | CU24: 1.115416 | CV24: =INDEX($CS:$CS,MATCH(CT24,$CQ:$CQ,1)) -> 9556.6562 | CW24: =CV24/50 -CX$2 -> 191.91736 | CY24: 22 | CZ24: 2.1 | DA24: 0.06922 | DB24: 248.76057 | DC24: 105 | DD24: 1.116348 | DE24: =INDEX($DB:$DB,MATCH(DC24,$CZ:$CZ,1)) -> 9622.4346 | DF24: =DE24/50 -DG$2 -> 192.48782 | DH24: 22 | DI24: 2.1 | DJ24: 0.06927 | DK24: 247.75232 | DL24: 105 | DM24: 1.112007 | DN24: =INDEX($DK:$DK,MATCH(DL24,$DI:$DI,1)) -> 9867.4502 | DO24: =DN24/50 -DP$2 -> 197.41155 | DQ24: 22 | DR24: 2.1 | DS24: 0.06923 | DT24: 253.12198 | DU24: 105 | DV24: 1.122373 | DW24: =INDEX($DT:$DT,MATCH(DU24,$DR:$DR,1)) -> 9894.2617 | DX24: =DW24/50 -DY$2 -> 197.93528 | DZ24: 22 | EA24: 2.1 | EB24: 0.06927 | EC24: 254.14288
B25: 23 | C25: 2.2 | D25: 0.07261 | E25: 289.62955 | K25: 23 | L25: 2.2 | M25: 0.0726 | N25: 274.89542 | O25: 110 | P25: 1.191946 | Q25: =INDEX($N:$N,MATCH(O25,$L:$L,1)) -> 10325.01 | R25: =Q25/50 -S$2 -> 206.50353 | T25: 23 | U25: 2.2 | V25: 0.07259 | W25: 263.02228 | AC25: 23 | AD25: 2.2 | AE25: 0.07256 | AF25: 241.91975 | AG25: 110 | AH25: 1.1957 | AI25: =INDEX($AF:$AF,MATCH(AG25,$AD:$AD,1)) -> 10328.756 | AJ25: =AI25/50 -AK$2 -> 207.1826 | AL25: 23 | AM25: 2.2 | AN25: 0.07261 | AO25: 266.02567 | AP25: 110 | AQ25: 1.186572 | AR25: =INDEX($AO:$AO,MATCH(AP25,$AM:$AM,1)) -> 10273.183 | AS25: =AR25/50 -AT$2 -> 205.48384 | AV25: 23 | AW25: 2.2 | AX25: 0.07259 | AY25: 272.56912 | AZ25: 110 | BA25: 1.179023 | BB25: =INDEX($AY:$AY,MATCH(AZ25,$AW:$AW,1)) -> 10028.754 | BC25: =BB25/50 -BD$2 -> 200.57951 | BE25: 23 | BF25: 2.2 | BG25: 0.07262 | BH25: 263.99966 | BN25: 23 | BO25: 2.2 | BP25: 0.07262 | BQ25: 234.5228 | BR25: 110 | BS25: 1.18992 | BT25: =INDEX($BQ:$BQ,MATCH(BR25,$BO:$BO,1)) -> 10203.148 | BU25: =BT25/50 -BV$2 -> 204.78102 | BW25: 23 | BX25: 2.2 | BY25: 0.07262 | BZ25: 258.46625 | CA25: 110 | CB25: -0.007184 | CC25: =INDEX($BZ:$BZ,MATCH(CA25,$BX:$BX,1)) -> 5812.4243 | CD25: =CC25/50 -CE$2 -> 116.28218 | CF25: 23 | CG25: 2.2 | CH25: 0.0726 | CI25: 272.73654 | CJ25: 110 | CK25: 3.212499 | CL25: =INDEX($CI:$CI,MATCH(CJ25,$CG:$CG,1)) -> 6047.8735 | CM25: =CL25/50 -CN$2 -> 120.98841 | CP25: 23 | CQ25: 2.2 | CR25: 0.0726 | CS25: 220.1817 | CT25: 110 | CU25: 1.178777 | CV25: =INDEX($CS:$CS,MATCH(CT25,$CQ:$CQ,1)) -> 10089.943 | CW25: =CV25/50 -CX$2 -> 202.5831 | CY25: 23 | CZ25: 2.2 | DA25: 0.0726 | DB25: 259.81824 | DC25: 110 | DD25: 1.173705 | DE25: =INDEX($DB:$DB,MATCH(DC25,$CZ:$CZ,1)) -> 10152.293 | DF25: =DE25/50 -DG$2 -> 203.08499 | DH25: 23 | DI25: 2.2 | DJ25: 0.0726 | DK25: 257.66476 | DL25: 110 | DM25: 1.171611 | DN25: =INDEX($DK:$DK,MATCH(DL25,$DI:$DI,1)) -> 10409.711 | DO25: =DN25/50 -DP$2 -> 208.25677 | DQ25: 23 | DR25: 2.2 | DS25: 0.0726 | DT25: 263.02664 | DU25: 110 | DV25: -0.00156 | DW25: =INDEX($DT:$DT,MATCH(DU25,$DR:$DR,1)) -> 6076.2993 | DX25: =DW25/50 -DY$2 -> 121.57603 | DZ25: 23 | EA25: 2.2 | EB25: 0.0726 | EC25: 264.19086
B26: 24 | C26: 2.3 | D26: 0.07592 | E26: 301.25412 | K26: 24 | L26: 2.3 | M26: 0.07594 | N26: 285.5126 | O26: 115 | P26: 0.009925 | Q26: =INDEX($N:$N,MATCH(O26,$L:$L,1)) -> 6074.9331 | R26: =Q26/50 -S$2 -> 121.502 | T26: 24 | U26: 2.3 | V26: 0.07587 | W26: 273.97549 | AC26: 24 | AD26: 2.3 | AE26: 0.07589 | AF26: 251.90965 | AL26: 24 | AM26: 2.3 | AN26: 0.07594 | AO26: 275.66003 | AP26: 115 | AQ26: 1.25204 | AR26: =INDEX($AO:$AO,MATCH(AP26,$AM:$AM,1)) -> 10808.016 | AS26: =AR26/50 -AT$2 -> 216.1805 | AV26: 24 | AW26: 2.3 | AX26: 0.07593 | AY26: 283.15805 | AZ26: 115 | BA26: 1.230335 | BB26: =INDEX($AY:$AY,MATCH(AZ26,$AW:$AW,1)) -> 10545.513 | BC26: =BB26/50 -BD$2 -> 210.91469 | BE26: 24 | BF26: 2.3 | BG26: 0.07591 | BH26: 274.0419 | BN26: 24 | BO26: 2.3 | BP26: 0.07593 | BQ26: 244.41106 | BR26: 115 | BS26: 3.343564 | BT26: =INDEX($BQ:$BQ,MATCH(BR26,$BO:$BO,1)) -> 10731.599 | BU26: =BT26/50 -BV$2 -> 215.35002 | BW26: 24 | BX26: 2.3 | BY26: 0.07592 | BZ26: 269.36877 | CF26: 24 | CG26: 2.3 | CH26: 0.0759 | CI26: 282.72156 | CP26: 24 | CQ26: 2.3 | CR26: 0.07595 | CS26: 230.57854 | CT26: 115 | CU26: 1.242447 | CV26: =INDEX($CS:$CS,MATCH(CT26,$CQ:$CQ,1)) -> 10629.616 | CW26: =CV26/50 -CX$2 -> 213.37656 | CY26: 24 | CZ26: 2.3 | DA26: 0.07592 | DB26: 269.77887 | DC26: 115 | DD26: 3.411887 | DE26: =INDEX($DB:$DB,MATCH(DC26,$CZ:$CZ,1)) -> 6064.6982 | DF26: =DE26/50 -DG$2 -> 121.3331 | DH26: 24 | DI26: 2.3 | DJ26: 0.07594 | DK26: 268.56705 | DL26: 115 | DM26: 1.233987 | DN26: =INDEX($DK:$DK,MATCH(DL26,$DI:$DI,1)) -> 10957.724 | DO26: =DN26/50 -DP$2 -> 219.21702 | DQ26: 24 | DR26: 2.3 | DS26: 0.07593 | DT26: 273.1936 | DZ26: 24 | EA26: 2.3 | EB26: 0.07594 | EC26: 275.19839
B27: 25 | C27: 2.4 | D27: 0.07918 | E27: 313.45651 | K27: 25 | L27: 2.4 | M27: 0.07924 | N27: 295.97406 | T27: 25 | U27: 2.4 | V27: 0.07925 | W27: 284.9877 | AC27: 25 | AD27: 2.4 | AE27: 0.07926 | AF27: 263.10254 | AL27: 25 | AM27: 2.4 | AN27: 0.07924 | AO27: 285.47461 | AP27: 120 | AQ27: 3.297278 | AR27: =INDEX($AO:$AO,MATCH(AP27,$AM:$AM,1)) -> 6338.5649 | AS27: =AR27/50 -AT$2 -> 126.79149 | AV27: 25 | AW27: 2.4 | AX27: 0.07921 | AY27: 294.44568 | AZ27: 120 | BA27: 3.36671 | BB27: =INDEX($AY:$AY,MATCH(AZ27,$AW:$AW,1)) -> 6184.8306 | BC27: =BB27/50 -BD$2 -> 123.70105 | BE27: 25 | BF27: 2.4 | BG27: 0.07926 | BH27: 284.60559 | BN27: 25 | BO27: 2.4 | BP27: 0.07922 | BQ27: 255.09328 | BW27: 25 | BX27: 2.4 | BY27: 0.07925 | BZ27: 279.38562 | CF27: 25 | CG27: 2.4 | CH27: 0.07927 | CI27: 294.67175 | CP27: 25 | CQ27: 2.4 | CR27: 0.07929 | CS27: 239.67125 | CT27: 120 | CU27: 1.301746 | CV27: =INDEX($CS:$CS,MATCH(CT27,$CQ:$CQ,1)) -> 11104.372 | CW27: =CV27/50 -CX$2 -> 222.87168 | CY27: 25 | CZ27: 2.4 | DA27: 0.07928 | DB27: 280.79828 | DH27: 25 | DI27: 2.4 | DJ27: 0.07928 | DK27: 279.37357 | DL27: 120 | DM27: 3.469984 | DN27: =INDEX($DK:$DK,MATCH(DL27,$DI:$DI,1)) -> 6763.1567 | DO27: =DN27/50 -DP$2 -> 135.32568 | DQ27: 25 | DR27: 2.4 | DS27: 0.07928 | DT27: 284.16791 | DZ27: 25 | EA27: 2.4 | EB27: 0.07928 | EC27: 285.94159
B28: 26 | C28: 2.5 | D28: 0.08261 | E28: 325.03586 | K28: 26 | L28: 2.5 | M28: 0.08263 | N28: 306.27176 | T28: 26 | U28: 2.5 | V28: 0.08256 | W28: 295.77036 | AC28: 26 | AD28: 2.5 | AE28: 0.08257 | AF28: 273.09042 | AL28: 26 | AM28: 2.5 | AN28: 0.08262 | AO28: 296.05731 | AV28: 26 | AW28: 2.5 | AX28: 0.08258 | AY28: 304.40085 | BE28: 26 | BF28: 2.5 | BG28: 0.08259 | BH28: 294.97052 | BN28: 26 | BO28: 2.5 | BP28: 0.08258 | BQ28: 265.11041 | BW28: 26 | BX28: 2.5 | BY28: 0.08262 | BZ28: 289.9241 | CF28: 26 | CG28: 2.5 | CH28: 0.08256 | CI28: 304.63782 | CP28: 26 | CQ28: 2.5 | CR28: 0.08258 | CS28: 250.31035 | CT28: 125 | CU28: 3.627347 | CV28: =INDEX($CS:$CS,MATCH(CT28,$CQ:$CQ,1)) -> 6620.8779 | CW28: =CV28/50 -CX$2 -> 133.2018 | CY28: 26 | CZ28: 2.5 | DA28: 0.08261 | DB28: 290.71286 | DH28: 26 | DI28: 2.5 | DJ28: 0.08258 | DK28: 289.89987 | DQ28: 26 | DR28: 2.5 | DS28: 0.08261 | DT28: 294.22198 | DZ28: 26 | EA28: 2.5 | EB28: 0.08258 | EC28: 295.73569
B29: 27 | C29: 2.6 | D29: 0.08593 | E29: 336.77124 | K29: 27 | L29: 2.6 | M29: 0.08595 | N29: 317.10126 | T29: 27 | U29: 2.6 | V29: 0.08587 | W29: 305.9765 | AC29: 27 | AD29: 2.6 | AE29: 0.0859 | AF29: 283.30524 | AL29: 27 | AM29: 2.6 | AN29: 0.08592 | AO29: 306.10229 | AV29: 27 | AW29: 2.6 | AX29: 0.08595 | AY29: 314.99844 | BE29: 27 | BF29: 2.6 | BG29: 0.08588 | BH29: 305.01746 | BN29: 27 | BO29: 2.6 | BP29: 0.08592 | BQ29: 275.73364 | BW29: 27 | BX29: 2.6 | BY29: 0.08592 | BZ29: 299.89136 | CF29: 27 | CG29: 2.6 | CH29: 0.08589 | CI29: 314.86108 | CP29: 27 | CQ29: 2.6 | CR29: 0.0859 | CS29: 260.37183 | CY29: 27 | CZ29: 2.6 | DA29: 0.08589 | DB29: 300.57599 | DH29: 27 | DI29: 2.6 | DJ29: 0.08589 | DK29: 299.84769 | DQ29: 27 | DR29: 2.6 | DS29: 0.0859 | DT29: 304.25253 | DZ29: 27 | EA29: 2.6 | EB29: 0.08589 | EC29: 306.24826
B30: 28 | C30: 2.7 | D30: 0.08922 | E30: 348.57288 | K30: 28 | L30: 2.7 | M30: 0.08923 | N30: 327.13965 | T30: 28 | U30: 2.7 | V30: 0.0893 | W30: 316.96628 | AC30: 28 | AD30: 2.7 | AE30: 0.08929 | AF30: 294.78482 | AL30: 28 | AM30: 2.7 | AN30: 0.08919 | AO30: 316.35016 | AV30: 28 | AW30: 2.7 | AX30: 0.08924 | AY30: 325.69254 | BE30: 28 | BF30: 2.7 | BG30: 0.08925 | BH30: 315.20193 | BN30: 28 | BO30: 2.7 | BP30: 0.08921 | BQ30: 286.07419 | BW30: 28 | BX30: 2.7 | BY30: 0.08922 | BZ30: 309.49152 | CF30: 28 | CG30: 2.7 | CH30: 0.08927 | CI30: 325.76013 | CP30: 28 | CQ30: 2.7 | CR30: 0.08925 | CS30: 270.44901 | CY30: 28 | CZ30: 2.7 | DA30: 0.08923 | DB30: 311.02402 | DH30: 28 | DI30: 2.7 | DJ30: 0.08925 | DK30: 310.80222 | DQ30: 28 | DR30: 2.7 | DS30: 0.08924 | DT30: 315.19098 | DZ30: 28 | EA30: 2.7 | EB30: 0.08925 | EC30: 317.20822
B31: 29 | C31: 2.8 | D31: 0.09263 | E31: 360.25153 | K31: 29 | L31: 2.8 | M31: 0.09258 | N31: 337.59195 | T31: 29 | U31: 2.8 | V31: 0.09262 | W31: 327.78159 | AC31: 29 | AD31: 2.8 | AE31: 0.09261 | AF31: 305.01233 | AL31: 29 | AM31: 2.8 | AN31: 0.09257 | AO31: 327.50131 | AV31: 29 | AW31: 2.8 | AX31: 0.09258 | AY31: 336.10123 | BE31: 29 | BF31: 2.8 | BG31: 0.09258 | BH31: 326.06519 | BN31: 29 | BO31: 2.8 | BP31: 0.0926 | BQ31: 296.82318 | BW31: 29 | BX31: 2.8 | BY31: 0.09257 | BZ31: 321.11963 | CF31: 29 | CG31: 2.8 | CH31: 0.09259 | CI31: 336.43814 | CP31: 29 | CQ31: 2.8 | CR31: 0.09259 | CS31: 279.55588 | CY31: 29 | CZ31: 2.8 | DA31: 0.09259 | DB31: 321.46231 | DH31: 29 | DI31: 2.8 | DJ31: 0.09259 | DK31: 320.40945 | DQ31: 29 | DR31: 2.8 | DS31: 0.09259 | DT31: 325.40878 | DZ31: 29 | EA31: 2.8 | EB31: 0.09259 | EC31: 327.46072
B32: 30 | C32: 2.9 | D32: 0.0959 | E32: 371.97263 | K32: 30 | L32: 2.9 | M32: 0.0959 | N32: 347.91412 | T32: 30 | U32: 2.9 | V32: 0.0959 | W32: 338.38174 | AC32: 30 | AD32: 2.9 | AE32: 0.09593 | AF32: 315.48477 | AL32: 30 | AM32: 2.9 | AN32: 0.09591 | AO32: 337.74997 | AV32: 30 | AW32: 2.9 | AX32: 0.09593 | AY32: 346.93857 | BE32: 30 | BF32: 2.9 | BG32: 0.0959 | BH32: 336.08063 | BN32: 30 | BO32: 2.9 | BP32: 0.09594 | BQ32: 307.20551 | BW32: 30 | BX32: 2.9 | BY32: 0.09591 | BZ32: 330.98318 | CF32: 30 | CG32: 2.9 | CH32: 0.09594 | CI32: 347.48087 | CP32: 30 | CQ32: 2.9 | CR32: 0.09591 | CS32: 290.19574 | CY32: 30 | CZ32: 2.9 | DA32: 0.09589 | DB32: 331.57346 | DH32: 30 | DI32: 2.9 | DJ32: 0.0959 | DK32: 330.8837 | DQ32: 30 | DR32: 2.9 | DS32: 0.0959 | DT32: 335.5722 | DZ32: 30 | EA32: 2.9 | EB32: 0.0959 | EC32: 337.43008
B33: 31 | C33: 3 | D33: 0.09921 | E33: 383.37497 | K33: 31 | L33: 3 | M33: 0.09923 | N33: 358.47208 | T33: 31 | U33: 3 | V33: 0.09928 | W33: 348.9581 | AC33: 31 | AD33: 3 | AE33: 0.09927 | AF33: 325.17435 | AL33: 31 | AM33: 3 | AN33: 0.09922 | AO33: 347.19717 | AV33: 31 | AW33: 3 | AX33: 0.09923 | AY33: 357.61319 | BE33: 31 | BF33: 3 | BG33: 0.09928 | BH33: 346.22141 | BN33: 31 | BO33: 3 | BP33: 0.09923 | BQ33: 317.0188 | BW33: 31 | BX33: 3 | BY33: 0.09927 | BZ33: 342.08044 | CF33: 31 | CG33: 3 | CH33: 0.09927 | CI33: 357.56653 | CP33: 31 | CQ33: 3 | CR33: 0.09927 | CS33: 299.97427 | CY33: 31 | CZ33: 3 | DA33: 0.09923 | DB33: 341.89386 | DH33: 31 | DI33: 3 | DJ33: 0.09927 | DK33: 341.49619 | DQ33: 31 | DR33: 3 | DS33: 0.09924 | DT33: 345.96066 | DZ33: 31 | EA33: 3 | EB33: 0.09926 | EC33: 346.98782
B34: 32 | C34: 3.1 | D34: 0.10261 | E34: 394.87189 | K34: 32 | L34: 3.1 | M34: 0.1026 | N34: 368.5686 | T34: 32 | U34: 3.1 | V34: 0.1026 | W34: 359.67438 | AC34: 32 | AD34: 3.1 | AE34: 0.10257 | AF34: 335.88785 | AL34: 32 | AM34: 3.1 | AN34: 0.10262 | AO34: 357.40533 | AV34: 32 | AW34: 3.1 | AX34: 0.10259 | AY34: 368.18402 | BE34: 32 | BF34: 3.1 | BG34: 0.10263 | BH34: 357.12662 | BN34: 32 | BO34: 3.1 | BP34: 0.10263 | BQ34: 328.45609 | BW34: 32 | BX34: 3.1 | BY34: 0.10261 | BZ34: 351.54581 | CF34: 32 | CG34: 3.1 | CH34: 0.10255 | CI34: 368.24057 | CP34: 32 | CQ34: 3.1 | CR34: 0.1026 | CS34: 309.72159 | CY34: 32 | CZ34: 3.1 | DA34: 0.10261 | DB34: 351.14743 | DH34: 32 | DI34: 3.1 | DJ34: 0.1026 | DK34: 351.35278 | DQ34: 32 | DR34: 3.1 | DS34: 0.10262 | DT34: 356.02261 | DZ34: 32 | EA34: 3.1 | EB34: 0.1026 | EC34: 357.86649
B35: 33 | C35: 3.2 | D35: 0.10591 | E35: 405.69235 | K35: 33 | L35: 3.2 | M35: 0.10593 | N35: 379.42499 | T35: 33 | U35: 3.2 | V35: 0.10588 | W35: 370.03491 | AC35: 33 | AD35: 3.2 | AE35: 0.1059 | AF35: 345.56427 | AL35: 33 | AM35: 3.2 | AN35: 0.10595 | AO35: 367.08914 | AV35: 33 | AW35: 3.2 | AX35: 0.1059 | AY35: 378.14481 | BE35: 33 | BF35: 3.2 | BG35: 0.10592 | BH35: 366.58264 | BN35: 33 | BO35: 3.2 | BP35: 0.10596 | BQ35: 337.97052 | BW35: 33 | BX35: 3.2 | BY35: 0.10592 | BZ35: 361.1398 | CF35: 33 | CG35: 3.2 | CH35: 0.10588 | CI35: 377.7558 | CP35: 33 | CQ35: 3.2 | CR35: 0.1059 | CS35: 319.34518 | CY35: 33 | CZ35: 3.2 | DA35: 0.10591 | DB35: 361.65546 | DH35: 33 | DI35: 3.2 | DJ35: 0.10589 | DK35: 360.90775 | DQ35: 33 | DR35: 3.2 | DS35: 0.10592 | DT35: 366.00079 | DZ35: 33 | EA35: 3.2 | EB35: 0.10589 | EC35: 367.97485
B36: 34 | C36: 3.3 | D36: 0.10922 | E36: 417.45227 | K36: 34 | L36: 3.3 | M36: 0.10924 | N36: 389.51315 | T36: 34 | U36: 3.3 | V36: 0.10927 | W36: 379.73904 | AC36: 34 | AD36: 3.3 | AE36: 0.10926 | AF36: 356.30786 | AL36: 34 | AM36: 3.3 | AN36: 0.10925 | AO36: 377.23846 | AV36: 34 | AW36: 3.3 | AX36: 0.10925 | AY36: 388.87247 | BE36: 34 | BF36: 3.3 | BG36: 0.10925 | BH36: 377.01892 | BN36: 34 | BO36: 3.3 | BP36: 0.1092 | BQ36: 347.60049 | BW36: 34 | BX36: 3.3 | BY36: 0.10924 | BZ36: 372.00717 | CF36: 34 | CG36: 3.3 | CH36: 0.10924 | CI36: 388.99207 | CP36: 34 | CQ36: 3.3 | CR36: 0.10924 | CS36: 329.6767 | CY36: 34 | CZ36: 3.3 | DA36: 0.10922 | DB36: 371.21234 | DH36: 34 | DI36: 3.3 | DJ36: 0.10924 | DK36: 371.73453 | DQ36: 34 | DR36: 3.3 | DS36: 0.10923 | DT36: 376.02219 | DZ36: 34 | EA36: 3.3 | EB36: 0.10924 | EC36: 378.66992
B37: 35 | C37: 3.4 | D37: 0.11262 | E37: 428.08774 | K37: 35 | L37: 3.4 | M37: 0.1126 | N37: 399.3067 | T37: 35 | U37: 3.4 | V37: 0.11258 | W37: 391.0376 | AC37: 35 | AD37: 3.4 | AE37: 0.11259 | AF37: 366.46924 | AL37: 35 | AM37: 3.4 | AN37: 0.11261 | AO37: 387.36362 | AV37: 35 | AW37: 3.4 | AX37: 0.1126 | AY37: 399.9234 | BE37: 35 | BF37: 3.4 | BG37: 0.11259 | BH37: 387.01169 | BN37: 35 | BO37: 3.4 | BP37: 0.11259 | BQ37: 358.39587 | BW37: 35 | BX37: 3.4 | BY37: 0.11258 | BZ37: 381.22629 | CF37: 35 | CG37: 3.4 | CH37: 0.11257 | CI37: 399.95474 | CP37: 35 | CQ37: 3.4 | CR37: 0.11258 | CS37: 339.08447 | CY37: 35 | CZ37: 3.4 | DA37: 0.11257 | DB37: 381.81607 | DH37: 35 | DI37: 3.4 | DJ37: 0.11257 | DK37: 381.03525 | DQ37: 35 | DR37: 3.4 | DS37: 0.11258 | DT37: 385.70871 | DZ37: 35 | EA37: 3.4 | EB37: 0.11257 | EC37: 387.91382
B38: 36 | C38: 3.5 | D38: 0.11594 | E38: 438.48935 | K38: 36 | L38: 3.5 | M38: 0.11591 | N38: 409.58014 | T38: 36 | U38: 3.5 | V38: 0.11591 | W38: 401.1951 | AC38: 36 | AD38: 3.5 | AE38: 0.11591 | AF38: 377.2218 | AL38: 36 | AM38: 3.5 | AN38: 0.11593 | AO38: 397.89435 | AV38: 36 | AW38: 3.5 | AX38: 0.11595 | AY38: 409.95407 | BE38: 36 | BF38: 3.5 | BG38: 0.11588 | BH38: 397.61462 | BN38: 36 | BO38: 3.5 | BP38: 0.11593 | BQ38: 368.07907 | BW38: 36 | BX38: 3.5 | BY38: 0.11588 | BZ38: 391.62598 | CF38: 36 | CG38: 3.5 | CH38: 0.11591 | CI38: 409.29419 | CP38: 36 | CQ38: 3.5 | CR38: 0.11589 | CS38: 348.74188 | CY38: 36 | CZ38: 3.5 | DA38: 0.11589 | DB38: 391.07767 | DH38: 36 | DI38: 3.5 | DJ38: 0.11589 | DK38: 391.40259 | DQ38: 36 | DR38: 3.5 | DS38: 0.11589 | DT38: 396.3255 | DZ38: 36 | EA38: 3.5 | EB38: 0.11589 | EC38: 397.9635
B39: 37 | C39: 3.6 | D39: 0.11925 | E39: 449.9277 | K39: 37 | L39: 3.6 | M39: 0.1192 | N39: 419.35355 | T39: 37 | U39: 3.6 | V39: 0.1193 | W39: 411.41196 | AC39: 37 | AD39: 3.6 | AE39: 0.11929 | AF39: 386.99487 | AL39: 37 | AM39: 3.6 | AN39: 0.11922 | AO39: 406.66602 | AV39: 37 | AW39: 3.6 | AX39: 0.11927 | AY39: 420.37369 | BE39: 37 | BF39: 3.6 | BG39: 0.11924 | BH39: 407.18875 | BN39: 37 | BO39: 3.6 | BP39: 0.11922 | BQ39: 377.66995 | BW39: 37 | BX39: 3.6 | BY39: 0.11922 | BZ39: 401.20898 | CF39: 37 | CG39: 3.6 | CH39: 0.11928 | CI39: 420.78543 | CP39: 37 | CQ39: 3.6 | CR39: 0.11928 | CS39: 358.48422 | CY39: 37 | CZ39: 3.6 | DA39: 0.11922 | DB39: 401.14853 | DH39: 37 | DI39: 3.6 | DJ39: 0.11927 | DK39: 401.45508 | DQ39: 37 | DR39: 3.6 | DS39: 0.11923 | DT39: 407.25067 | DZ39: 37 | EA39: 3.6 | EB39: 0.11927 | EC39: 408.50854
B40: 38 | C40: 3.7 | D40: 0.12261 | E40: 460.3605 | K40: 38 | L40: 3.7 | M40: 0.12256 | N40: 429.63422 | T40: 38 | U40: 3.7 | V40: 0.12258 | W40: 421.51523 | AC40: 38 | AD40: 3.7 | AE40: 0.1226 | AF40: 397.21622 | AL40: 38 | AM40: 3.7 | AN40: 0.12259 | AO40: 416.6918 | AV40: 38 | AW40: 3.7 | AX40: 0.12258 | AY40: 430.02026 | BE40: 38 | BF40: 3.7 | BG40: 0.1226 | BH40: 416.91357 | BN40: 38 | BO40: 3.7 | BP40: 0.1226 | BQ40: 387.66809 | BW40: 38 | BX40: 3.7 | BY40: 0.1226 | BZ40: 411.39307 | CF40: 38 | CG40: 3.7 | CH40: 0.12261 | CI40: 430.07242 | CP40: 38 | CQ40: 3.7 | CR40: 0.12262 | CS40: 368.59808 | CY40: 38 | CZ40: 3.7 | DA40: 0.12259 | DB40: 410.36472 | DH40: 38 | DI40: 3.7 | DJ40: 0.12261 | DK40: 411.67963 | DQ40: 38 | DR40: 3.7 | DS40: 0.1226 | DT40: 417.34283 | DZ40: 38 | EA40: 3.7 | EB40: 0.12261 | EC40: 418.99036
... B1017: 1015 | C1017: 101.4 | D1017: 3.37929 | E1017: 9300.7588 | K1017: 1015 | L1017: 101.4 | M1017: 3.37927 | N1017: 9431.5215 | T1017: 1015 | U1017: 101.4 | V1017: 3.37924 | W1017: 9590.0742 | AC1017: 1015 | AD1017: 101.4 | AE1017: 3.37927 | AF1017: 9409.8887 | AL1017: 1015 | AM1017: 101.4 | AN1017: 3.37926 | AO1017: 9358.2363 | AV1017: 1015 | AW1017: 101.4 | AX1017: 3.37927 | AY1017: 9129.0967 | BE1017: 1015 | BF1017: 101.4 | BG1017: 3.37921 | BH1017: 9290.1104 | BN1017: 1015 | BO1017: 101.4 | BP1017: 3.37924 | BQ1017: 9323.9014 | BW1017: 1015 | BX1017: 101.4 | BY1017: 3.37927 | BZ1017: 9316.0361 | CF1017: 1015 | CG1017: 101.4 | CH1017: 3.3792 | CI1017: 9464.8486 | CP1017: 1015 | CQ1017: 101.4 | CR1017: 3.37922 | CS1017: 9173.5449 | CY1017: 1015 | CZ1017: 101.4 | DA1017: 3.37925 | DB1017: 9261.5479 | DH1017: 1015 | DI1017: 101.4 | DJ1017: 3.37922 | DK1017: 9478.4736 | DQ1017: 1015 | DR1017: 101.4 | DS1017: 3.37926 | DT1017: 9501.8896 | DZ1017: 1015 | EA1017: 100.906 | EB1017: 3.36286 | EC1017: 5648.1392
B1018: 1016 | C1018: 101.5 | D1018: 3.38258 | E1018: 9311.5322 | K1018: 1016 | L1018: 101.5 | M1018: 3.38257 | N1018: 9441.8223 | T1018: 1016 | U1018: 101.5 | V1018: 3.38258 | W1018: 9600.9609 | AC1018: 1016 | AD1018: 101.5 | AE1018: 3.38262 | AF1018: 9420.2559 | AL1018: 1016 | AM1018: 101.5 | AN1018: 3.38256 | AO1018: 9368.1797 | AV1018: 1016 | AW1018: 101.5 | AX1018: 3.38254 | AY1018: 9138.9922 | BE1018: 1016 | BF1018: 101.5 | BG1018: 3.38257 | BH1018: 9300.8584 | BN1018: 1016 | BO1018: 101.5 | BP1018: 3.38254 | BQ1018: 9333.96 | BW1018: 1016 | BX1018: 101.5 | BY1018: 3.38254 | BZ1018: 9327.1016 | CF1018: 1016 | CG1018: 101.5 | CH1018: 3.38261 | CI1018: 9477.041 | CP1018: 1016 | CQ1018: 101.5 | CR1018: 3.38258 | CS1018: 9184.1846 | CY1018: 1016 | CZ1018: 101.5 | DA1018: 3.38256 | DB1018: 9271.9023 | DH1018: 1016 | DI1018: 101.5 | DJ1018: 3.38257 | DK1018: 9489.6973 | DQ1018: 1016 | DR1018: 101.5 | DS1018: 3.38256 | DT1018: 9512.7822
B1019: 1017 | C1019: 101.6 | D1019: 3.38592 | E1019: 9322.293 | K1019: 1017 | L1019: 101.6 | M1019: 3.38593 | N1019: 9452.9717 | T1019: 1017 | U1019: 101.6 | V1019: 3.38591 | W1019: 9611.7373 | AC1019: 1017 | AD1019: 101.6 | AE1019: 3.38592 | AF1019: 9430.5088 | AL1019: 1017 | AM1019: 101.6 | AN1019: 3.38592 | AO1019: 9379.1231 | AV1019: 1017 | AW1019: 101.6 | AX1019: 3.38593 | AY1019: 9150.5898 | BE1019: 1017 | BF1019: 101.6 | BG1019: 3.38591 | BH1019: 9311.0644 | BN1019: 1017 | BO1019: 101.6 | BP1019: 3.3859 | BQ1019: 9345.0312 | BW1019: 1017 | BX1019: 101.6 | BY1019: 3.38594 | BZ1019: 9337.2832 | CF1019: 1017 | CG1019: 101.6 | CH1019: 3.38594 | CI1019: 9487.0947 | CP1019: 1017 | CQ1019: 101.6 | CR1019: 3.3859 | CS1019: 9194.7021 | CY1019: 1017 | CZ1019: 101.6 | DA1019: 3.38591 | DB1019: 9283.1709 | DH1019: 1017 | DI1019: 101.6 | DJ1019: 3.3859 | DK1019: 9500.5781 | DQ1019: 1017 | DR1019: 101.6 | DS1019: 3.38591 | DT1019: 9523.8203
B1020: 1018 | C1020: 101.7 | D1020: 3.38923 | E1020: 9332.4824 | K1020: 1018 | L1020: 101.7 | M1020: 3.38926 | N1020: 9463.6709 | T1020: 1018 | U1020: 101.7 | V1020: 3.38926 | W1020: 9623.085 | AC1020: 1018 | AD1020: 101.7 | AE1020: 3.38923 | AF1020: 9441.6025 | AL1020: 1018 | AM1020: 101.7 | AN1020: 3.38923 | AO1020: 9390.4727 | AV1020: 1018 | AW1020: 101.7 | AX1020: 3.38927 | AY1020: 9160.2842 | BE1020: 1018 | BF1020: 101.7 | BG1020: 3.3892 | BH1020: 9321.5918 | BN1020: 1018 | BO1020: 101.7 | BP1020: 3.38926 | BQ1020: 9355.667 | BW1020: 1018 | BX1020: 101.7 | BY1020: 3.38926 | BZ1020: 9348.3486 | CF1020: 1018 | CG1020: 101.7 | CH1020: 3.38921 | CI1020: 9497.793 | CP1020: 1018 | CQ1020: 101.7 | CR1020: 3.38926 | CS1020: 9205.0986 | CY1020: 1018 | CZ1020: 101.7 | DA1020: 3.3892 | DB1020: 9293.1709 | DH1020: 1018 | DI1020: 101.7 | DJ1020: 3.38926 | DK1020: 9511.6191 | DQ1020: 1018 | DR1020: 101.7 | DS1020: 3.38921 | DT1020: 9534.0674
B1021: 1019 | C1021: 101.8 | D1021: 3.39257 | E1021: 9344.1123 | K1021: 1019 | L1021: 101.8 | M1021: 3.39254 | N1021: 9473.7519 | T1021: 1019 | U1021: 101.8 | V1021: 3.39263 | W1021: 9633.8945 | AC1021: 1019 | AD1021: 101.8 | AE1021: 3.39262 | AF1021: 9452.6455 | AL1021: 1019 | AM1021: 101.8 | AN1021: 3.39254 | AO1021: 9400.2744 | AV1021: 1019 | AW1021: 101.8 | AX1021: 3.39255 | AY1021: 9170.0215 | BE1021: 1019 | BF1021: 101.8 | BG1021: 3.3926 | BH1021: 9332.3643 | BN1021: 1019 | BO1021: 101.8 | BP1021: 3.3926 | BQ1021: 9366.7481 | BW1021: 1019 | BX1021: 101.8 | BY1021: 3.39255 | BZ1021: 9358.9004 | CF1021: 1019 | CG1021: 101.8 | CH1021: 3.39262 | CI1021: 9509.041 | CP1021: 1019 | CQ1021: 101.8 | CR1021: 3.39262 | CS1021: 9216.21 | CY1021: 1019 | CZ1021: 101.8 | DA1021: 3.3926 | DB1021: 9304.6748 | DH1021: 1019 | DI1021: 101.8 | DJ1021: 3.39261 | DK1021: 9522.1211 | DQ1021: 1019 | DR1021: 101.8 | DS1021: 3.39261 | DT1021: 9544.9248
B1022: 1020 | C1022: 101.9 | D1022: 3.3959 | E1022: 9354.8106 | K1022: 1020 | L1022: 101.9 | M1022: 3.39591 | N1022: 9484.5703 | T1022: 1020 | U1022: 101.9 | V1022: 3.39592 | W1022: 9643.5371 | AC1022: 1020 | AD1022: 101.9 | AE1022: 3.39593 | AF1022: 9463.6006 | AL1022: 1020 | AM1022: 101.9 | AN1022: 3.39593 | AO1022: 9411.2852 | AV1022: 1020 | AW1022: 101.9 | AX1022: 3.39591 | AY1022: 9180.8711 | BE1022: 1020 | BF1022: 101.9 | BG1022: 3.39595 | BH1022: 9341.585 | BN1022: 1020 | BO1022: 101.9 | BP1022: 3.39594 | BQ1022: 9376.6826 | BW1022: 1020 | BX1022: 101.9 | BY1022: 3.39592 | BZ1022: 9369.71 | CF1022: 1020 | CG1022: 101.9 | CH1022: 3.39594 | CI1022: 9520.2969 | CP1022: 1020 | CQ1022: 101.9 | CR1022: 3.39594 | CS1022: 9226.1543 | CY1022: 1020 | CZ1022: 101.9 | DA1022: 3.39594 | DB1022: 9314.9209 | DH1022: 1020 | DI1022: 101.9 | DJ1022: 3.39593 | DK1022: 9532.2236 | DQ1022: 1020 | DR1022: 101.9 | DS1022: 3.39595 | DT1022: 9556.0879
B1023: 1021 | C1023: 102 | D1023: 3.39922 | E1023: 9364.9531 | K1023: 1021 | L1023: 102 | M1023: 3.39928 | N1023: 9495.7422 | T1023: 1021 | U1023: 102 | V1023: 3.39923 | W1023: 9654.5088 | AC1023: 1021 | AD1023: 102 | AE1023: 3.39922 | AF1023: 9473.2246 | AL1023: 1021 | AM1023: 102 | AN1023: 3.39928 | AO1023: 9421.6406 | AV1023: 1021 | AW1023: 102 | AX1023: 3.39923 | AY1023: 9190.7109 | BE1023: 1021 | BF1023: 102 | BG1023: 3.39926 | BH1023: 9351.6582 | BN1023: 1021 | BO1023: 102 | BP1023: 3.39927 | BQ1023: 9386.9033 | BW1023: 1021 | BX1023: 102 | BY1023: 3.39929 | BZ1023: 9380.5664 | CF1023: 1021 | CG1023: 102 | CH1023: 3.39922 | CI1023: 9531.0498 | CP1023: 1021 | CQ1023: 102 | CR1023: 3.39924 | CS1023: 9236.6641 | CY1023: 1021 | CZ1023: 102 | DA1023: 3.39923 | DB1023: 9325.6416 | DH1023: 1021 | DI1023: 102 | DJ1023: 3.39924 | DK1023: 9543.0508 | DQ1023: 1021 | DR1023: 102 | DS1023: 3.39925 | DT1023: 9566.9326
B1024: 1022 | C1024: 102.1 | D1024: 3.4026 | E1024: 9375.5059 | K1024: 1022 | L1024: 102.1 | M1024: 3.40256 | N1024: 9506.9375 | T1024: 1022 | U1024: 102.1 | V1024: 3.4026 | W1024: 9665.4981 | AC1024: 1022 | AD1024: 102.1 | AE1024: 3.4026 | AF1024: 9484.5938 | AL1024: 1022 | AM1024: 102.1 | AN1024: 3.40258 | AO1024: 9431.8525 | AV1024: 1022 | AW1024: 102.1 | AX1024: 3.40256 | AY1024: 9201.3525 | BE1024: 1022 | BF1024: 102.074 | BG1024: 3.40178 | BH1024: 8677.1113 | BN1024: 1022 | BO1024: 102.1 | BP1024: 3.40257 | BQ1024: 9397.1611 | BW1024: 1022 | BX1024: 102.1 | BY1024: 3.40257 | BZ1024: 9391.4326 | CF1024: 1022 | CG1024: 102.1 | CH1024: 3.40259 | CI1024: 9541.1865 | CP1024: 1022 | CQ1024: 102.1 | CR1024: 3.40258 | CS1024: 9247.3213 | CY1024: 1022 | CZ1024: 102.1 | DA1024: 3.40259 | DB1024: 9335.5117 | DH1024: 1022 | DI1024: 102.1 | DJ1024: 3.40257 | DK1024: 9553.9619 | DQ1024: 1022 | DR1024: 102.1 | DS1024: 3.4026 | DT1024: 9577.7148
B1025: 1023 | C1025: 102.2 | D1025: 3.40595 | E1025: 9385.9814 | K1025: 1023 | L1025: 102.2 | M1025: 3.40593 | N1025: 9517.8008 | T1025: 1023 | U1025: 102.2 | V1025: 3.4059 | W1025: 9677.0068 | AC1025: 1023 | AD1025: 102.2 | AE1025: 3.40593 | AF1025: 9496.1309 | AL1025: 1023 | AM1025: 102.2 | AN1025: 3.40594 | AO1025: 9443.0693 | AV1025: 1023 | AW1025: 102.2 | AX1025: 3.40593 | AY1025: 9212.7812 | BE1025: 1023 | BF1025: 102.077 | BG1025: 3.40188 | BH1025: 8046.0703 | BN1025: 1023 | BO1025: 102.2 | BP1025: 3.40593 | BQ1025: 9408.6865 | BW1025: 1023 | BX1025: 102.2 | BY1025: 3.40592 | BZ1025: 9401.7871 | CF1025: 1023 | CG1025: 102.2 | CH1025: 3.4059 | CI1025: 9551.9502 | CP1025: 1023 | CQ1025: 102.2 | CR1025: 3.40592 | CS1025: 9258.2695 | CY1025: 1023 | CZ1025: 102.2 | DA1025: 3.40591 | DB1025: 9346.4375 | DH1025: 1023 | DI1025: 102.2 | DJ1025: 3.40591 | DK1025: 9565.0508 | DQ1025: 1023 | DR1025: 102.2 | DS1025: 3.40592 | DT1025: 9589.3906
B1026: 1024 | C1026: 102.3 | D1026: 3.40924 | E1026: 9397.0498 | K1026: 1024 | L1026: 102.3 | M1026: 3.40926 | N1026: 9528.1201 | T1026: 1024 | U1026: 102.3 | V1026: 3.40923 | W1026: 9687.792 | AC1026: 1024 | AD1026: 102.3 | AE1026: 3.40923 | AF1026: 9505.8135 | AL1026: 1024 | AM1026: 102.3 | AN1026: 3.40927 | AO1026: 9453.2578 | AV1026: 1024 | AW1026: 102.3 | AX1026: 3.40926 | AY1026: 9222.6885 | BE1026: 1024 | BF1026: 102.08 | BG1026: 3.40199 | BH1026: 7316.4512 | BN1026: 1024 | BO1026: 102.3 | BP1026: 3.40924 | BQ1026: 9419.6836 | BW1026: 1024 | BX1026: 102.3 | BY1026: 3.40926 | BZ1026: 9412.3769 | CF1026: 1024 | CG1026: 102.3 | CH1026: 3.4092 | CI1026: 9562.9707 | CP1026: 1024 | CQ1026: 102.3 | CR1026: 3.40919 | CS1026: 9268.9307 | CY1026: 1024 | CZ1026: 102.3 | DA1026: 3.40921 | DB1026: 9357.0088 | DH1026: 1024 | DI1026: 102.3 | DJ1026: 3.40919 | DK1026: 9575.1533 | DQ1026: 1024 | DR1026: 102.3 | DS1026: 3.40922 | DT1026: 9599.1357
B1027: 1025 | C1027: 102.4 | D1027: 3.4126 | E1027: 9407.0947 | K1027: 1025 | L1027: 102.4 | M1027: 3.41255 | N1027: 9538.7207 | T1027: 1025 | U1027: 102.4 | V1027: 3.4126 | W1027: 9698.5488 | AC1027: 1025 | AD1027: 102.4 | AE1027: 3.41261 | AF1027: 9516.8086 | AL1027: 1025 | AM1027: 102.4 | AN1027: 3.41256 | AO1027: 9463.9863 | AV1027: 1025 | AW1027: 102.4 | AX1027: 3.41258 | AY1027: 9233.2803 | BE1027: 1025 | BF1027: 102.083 | BG1027: 3.4021 | BH1027: 6532.4048 | BN1027: 1025 | BO1027: 102.4 | BP1027: 3.41255 | BQ1027: 9429.4922 | BW1027: 1025 | BX1027: 102.4 | BY1027: 3.41253 | BZ1027: 9422.4209 | CF1027: 1025 | CG1027: 102.4 | CH1027: 3.41261 | CI1027: 9574.3555 | CP1027: 1025 | CQ1027: 102.4 | CR1027: 3.41257 | CS1027: 9279.8779 | CY1027: 1025 | CZ1027: 102.4 | DA1027: 3.41252 | DB1027: 9367.0869 | DH1027: 1025 | DI1027: 102.4 | DJ1027: 3.41256 | DK1027: 9586.1533 | DQ1027: 1025 | DR1027: 102.4 | DS1027: 3.41252 | DT1027: 9610.4121
B1028: 1026 | C1028: 102.5 | D1028: 3.41595 | E1028: 9417.8271 | K1028: 1026 | L1028: 102.5 | M1028: 3.41591 | N1028: 9549.9385 | T1028: 1026 | U1028: 102.5 | V1028: 3.41592 | W1028: 9708.7568 | AC1028: 1026 | AD1028: 102.5 | AE1028: 3.41593 | AF1028: 9527.2646 | AL1028: 1026 | AM1028: 102.5 | AN1028: 3.41591 | AO1028: 9474.9482 | AV1028: 1026 | AW1028: 102.5 | AX1028: 3.41595 | AY1028: 9243.6055 | BE1028: 1026 | BF1028: 102.086 | BG1028: 3.40222 | BH1028: 5729.0469 | BN1028: 1026 | BO1028: 102.5 | BP1028: 3.41594 | BQ1028: 9439.7637 | BW1028: 1026 | BX1028: 102.5 | BY1028: 3.41592 | BZ1028: 9433.665 | CF1028: 1026 | CG1028: 102.5 | CH1028: 3.41595 | CI1028: 9585.1084 | CP1028: 1026 | CQ1028: 102.5 | CR1028: 3.41595 | CS1028: 9290.7676 | CY1028: 1026 | CZ1028: 102.5 | DA1028: 3.4159 | DB1028: 9377.54 | DH1028: 1026 | DI1028: 102.5 | DJ1028: 3.41595 | DK1028: 9597.2519 | DQ1028: 1026 | DR1028: 102.5 | DS1028: 3.41591 | DT1028: 9621.5527
B1029: 1027 | C1029: 102.6 | D1029: 3.41924 | E1029: 9427.8848 | K1029: 1027 | L1029: 102.6 | M1029: 3.41925 | N1029: 9560.5117 | T1029: 1027 | U1029: 102.6 | V1029: 3.41926 | W1029: 9720.6943 | AC1029: 1027 | AD1029: 102.6 | AE1029: 3.41923 | AF1029: 9537.3154 | AL1029: 1027 | AM1029: 102.6 | AN1029: 3.41924 | AO1029: 9486.1719 | AV1029: 1027 | AW1029: 102.6 | AX1029: 3.41926 | AY1029: 9254.5576 | BE1029: 1027 | BF1029: 102.087 | BG1029: 3.40226 | BH1029: 5462.6602 | BN1029: 1027 | BO1029: 102.6 | BP1029: 3.41928 | BQ1029: 9451.0146 | BW1029: 1027 | BX1029: 102.6 | BY1029: 3.41926 | BZ1029: 9444.1602 | CF1029: 1027 | CG1029: 102.6 | CH1029: 3.41925 | CI1029: 9595.9512 | CP1029: 1027 | CQ1029: 102.6 | CR1029: 3.41926 | CS1029: 9300.6504 | CY1029: 1027 | CZ1029: 102.6 | DA1029: 3.41925 | DB1029: 9388.5078 | DH1029: 1027 | DI1029: 102.6 | DJ1029: 3.41926 | DK1029: 9607.624 | DQ1029: 1027 | DR1029: 102.6 | DS1029: 3.41926 | DT1029: 9632.6562
B1030: 1028 | C1030: 102.7 | D1030: 3.42257 | E1030: 9438.458 | K1030: 1028 | L1030: 102.7 | M1030: 3.42256 | N1030: 9570.459 | T1030: 1028 | U1030: 102.7 | V1030: 3.4226 | W1030: 9731.1768 | AC1030: 1028 | AD1030: 102.7 | AE1030: 3.42261 | AF1030: 9548.9912 | AL1030: 1028 | AM1030: 102.7 | AN1030: 3.42257 | AO1030: 9496.1064 | AV1030: 1028 | AW1030: 102.7 | AX1030: 3.42254 | AY1030: 9263.7559 | BN1030: 1028 | BO1030: 102.7 | BP1030: 3.42257 | BQ1030: 9460.6699 | BW1030: 1028 | BX1030: 102.7 | BY1030: 3.42256 | BZ1030: 9454.7207 | CF1030: 1028 | CG1030: 102.7 | CH1030: 3.42263 | CI1030: 9606.5723 | CP1030: 1028 | CQ1030: 102.7 | CR1030: 3.42262 | CS1030: 9311.5381 | CY1030: 1028 | CZ1030: 102.7 | DA1030: 3.42259 | DB1030: 9399.125 | DH1030: 1028 | DI1030: 102.7 | DJ1030: 3.42261 | DK1030: 9619.5361 | DQ1030: 1028 | DR1030: 102.7 | DS1030: 3.42259 | DT1030: 9642.7725
B1031: 1029 | C1031: 102.8 | D1031: 3.42591 | E1031: 9449.5156 | K1031: 1029 | L1031: 102.8 | M1031: 3.42593 | N1031: 9581.375 | T1031: 1029 | U1031: 102.8 | V1031: 3.42588 | W1031: 9741.2295 | AC1031: 1029 | AD1031: 102.8 | AE1031: 3.42591 | AF1031: 9559.125 | AL1031: 1029 | AM1031: 102.8 | AN1031: 3.42595 | AO1031: 9506.8867 | AV1031: 1029 | AW1031: 102.8 | AX1031: 3.42593 | AY1031: 9275.4775 | BN1031: 1029 | BO1031: 102.8 | BP1031: 3.42592 | BQ1031: 9471.8652 | BW1031: 1029 | BX1031: 102.8 | BY1031: 3.42597 | BZ1031: 9465.5859 | CF1031: 1029 | CG1031: 102.8 | CH1031: 3.42593 | CI1031: 9617.5752 | CP1031: 1029 | CQ1031: 102.8 | CR1031: 3.42595 | CS1031: 9322.5449 | CY1031: 1029 | CZ1031: 102.8 | DA1031: 3.42596 | DB1031: 9409.7217 | DH1031: 1029 | DI1031: 102.8 | DJ1031: 3.42595 | DK1031: 9629.7471 | DQ1031: 1029 | DR1031: 102.8 | DS1031: 3.42596 | DT1031: 9654.3779
B1032: 1030 | C1032: 102.9 | D1032: 3.42925 | E1032: 9459.7725 | K1032: 1030 | L1032: 102.9 | M1032: 3.42931 | N1032: 9593.0098 | T1032: 1030 | U1032: 102.9 | V1032: 3.42922 | W1032: 9078.1943 | AC1032: 1030 | AD1032: 102.9 | AE1032: 3.42921 | AF1032: 9570.1133 | AL1032: 1030 | AM1032: 102.9 | AN1032: 3.42927 | AO1032: 9517.3428 | AV1032: 1030 | AW1032: 102.9 | AX1032: 3.42926 | AY1032: 9285.4004 | BN1032: 1030 | BO1032: 102.9 | BP1032: 3.42925 | BQ1032: 9482.0283 | BW1032: 1030 | BX1032: 102.9 | BY1032: 3.42932 | BZ1032: 9477.0215 | CF1032: 1030 | CG1032: 102.9 | CH1032: 3.42922 | CI1032: 9627.2432 | CP1032: 1030 | CQ1032: 102.9 | CR1032: 3.42923 | CS1032: 9332.7549 | CY1032: 1030 | CZ1032: 102.9 | DA1032: 3.42925 | DB1032: 9419.7021 | DH1032: 1030 | DI1032: 102.9 | DJ1032: 3.42922 | DK1032: 9639.5127 | DQ1032: 1030 | DR1032: 102.9 | DS1032: 3.42926 | DT1032: 9665.499
B1033: 1031 | C1033: 103 | D1033: 3.4326 | E1033: 9471.4453 | K1033: 1031 | L1033: 103 | M1033: 3.43259 | N1033: 9602.8018 | T1033: 1031 | U1033: 102.903 | V1033: 3.42932 | W1033: 8429.2393 | AC1033: 1031 | AD1033: 103 | AE1033: 3.43261 | AF1033: 9580.7158 | AL1033: 1031 | AM1033: 103 | AN1033: 3.43256 | AO1033: 9527.8066 | AV1033: 1031 | AW1033: 103 | AX1033: 3.43257 | AY1033: 9295.5664 | BN1033: 1031 | BO1033: 103 | BP1033: 3.43255 | BQ1033: 9492.4072 | BW1033: 1031 | BX1033: 103 | BY1033: 3.43254 | BZ1033: 9486.6699 | CF1033: 1031 | CG1033: 103 | CH1033: 3.43257 | CI1033: 9638.2783 | CP1033: 1031 | CQ1033: 103 | CR1033: 3.4326 | CS1033: 9343.9619 | CY1033: 1031 | CZ1033: 103 | DA1033: 3.43257 | DB1033: 9430.1904 | DH1033: 1031 | DI1033: 103 | DJ1033: 3.43259 | DK1033: 9651.6064 | DQ1033: 1031 | DR1033: 103 | DS1033: 3.43257 | DT1033: 9676.1377
B1034: 1032 | C1034: 103.1 | D1034: 3.43592 | E1034: 9481.7051 | K1034: 1032 | L1034: 103.1 | M1034: 3.43593 | N1034: 9614.2598 | T1034: 1032 | U1034: 102.906 | V1034: 3.42943 | W1034: 7675.7837 | AC1034: 1032 | AD1034: 103.1 | AE1034: 3.43595 | AF1034: 9591.3486 | AL1034: 1032 | AM1034: 103.1 | AN1034: 3.43591 | AO1034: 9538.041 | AV1034: 1032 | AW1034: 103.1 | AX1034: 3.43592 | AY1034: 9306.3994 | BN1034: 1032 | BO1034: 103.1 | BP1034: 3.43591 | BQ1034: 9503.582 | BW1034: 1032 | BX1034: 103.1 | BY1034: 3.43592 | BZ1034: 9498.1084 | CF1034: 1032 | CG1034: 103.1 | CH1034: 3.43591 | CI1034: 9649.0449 | CP1034: 1032 | CQ1034: 103.1 | CR1034: 3.43593 | CS1034: 9353.2676 | CY1034: 1032 | CZ1034: 103.1 | DA1034: 3.43593 | DB1034: 9441.5195 | DH1034: 1032 | DI1034: 103.1 | DJ1034: 3.43593 | DK1034: 9661.9326 | DQ1034: 1032 | DR1034: 103.1 | DS1034: 3.43594 | DT1034: 9686.7627
B1035: 1033 | C1035: 103.2 | D1035: 3.43924 | E1035: 9492.3486 | K1035: 1033 | L1035: 103.2 | M1035: 3.43929 | N1035: 9624.5938 | T1035: 1033 | U1035: 102.909 | V1035: 3.42954 | W1035: 6863.665 | AC1035: 1033 | AD1035: 103.2 | AE1035: 3.43922 | AF1035: 9601.543 | AL1035: 1033 | AM1035: 103.2 | AN1035: 3.43925 | AO1035: 9548.7393 | AV1035: 1033 | AW1035: 103.2 | AX1035: 3.43928 | AY1035: 9317.2314 | BN1035: 1033 | BO1035: 103.2 | BP1035: 3.43923 | BQ1035: 9512.9141 | BW1035: 1033 | BX1035: 103.2 | BY1035: 3.43925 | BZ1035: 9508.2705 | CF1035: 1033 | CG1035: 103.2 | CH1035: 3.43927 | CI1035: 9660.2109 | CP1035: 1033 | CQ1035: 103.2 | CR1035: 3.43921 | CS1035: 9364.0293 | CY1035: 1033 | CZ1035: 103.2 | DA1035: 3.43923 | DB1035: 9452.0957 | DH1035: 1033 | DI1035: 103.2 | DJ1035: 3.43921 | DK1035: 9671.9531 | DQ1035: 1033 | DR1035: 103.2 | DS1035: 3.43924 | DT1035: 9697.6807
B1036: 1034 | C1036: 103.3 | D1036: 3.44259 | E1036: 9503.4668 | K1036: 1034 | L1036: 103.3 | M1036: 3.44255 | N1036: 9634.8965 | T1036: 1034 | U1036: 102.912 | V1036: 3.42966 | W1036: 6027.4023 | AC1036: 1034 | AD1036: 103.3 | AE1036: 3.44262 | AF1036: 9612.6299 | AL1036: 1034 | AM1036: 103.3 | AN1036: 3.44254 | AO1036: 9559.6113 | AV1036: 1034 | AW1036: 103.3 | AX1036: 3.44258 | AY1036: 9326.7305 | BN1036: 1034 | BO1036: 103.3 | BP1036: 3.44257 | BQ1036: 9523.8916 | BW1036: 1034 | BX1036: 103.3 | BY1036: 3.44254 | BZ1036: 9517.7461 | CF1036: 1034 | CG1036: 103.3 | CH1036: 3.44261 | CI1036: 9670.8623 | CP1036: 1034 | CQ1036: 103.3 | CR1036: 3.44261 | CS1036: 9375.0596 | CY1036: 1034 | CZ1036: 103.3 | DA1036: 3.44254 | DB1036: 9461.7246 | DH1036: 1034 | DI1036: 103.3 | DJ1036: 3.4426 | DK1036: 9684.0391 | DQ1036: 1034 | DR1036: 103.3 | DS1036: 3.44255 | DT1036: 9708.7852
B1037: 1035 | C1037: 103.4 | D1037: 3.44592 | E1037: 9513.583 | K1037: 1035 | L1037: 103.4 | M1037: 3.44588 | N1037: 9645.5606 | T1037: 1035 | U1037: 102.913 | V1037: 3.4297 | W1037: 5750.0772 | AC1037: 1035 | AD1037: 103.4 | AE1037: 3.44596 | AF1037: 9623.46 | AL1037: 1035 | AM1037: 103.4 | AN1037: 3.44589 | AO1037: 9570.3936 | AV1037: 1035 | AW1037: 103.4 | AX1037: 3.44589 | AY1037: 9337.6787 | BN1037: 1035 | BO1037: 103.4 | BP1037: 3.44596 | BQ1037: 9534.8242 | BW1037: 1035 | BX1037: 103.4 | BY1037: 3.44594 | BZ1037: 9529.5967 | CF1037: 1035 | CG1037: 103.4 | CH1037: 3.44594 | CI1037: 9681.9629 | CP1037: 1035 | CQ1037: 103.4 | CR1037: 3.44597 | CS1037: 9386.3965 | CY1037: 1035 | CZ1037: 103.4 | DA1037: 3.44595 | DB1037: 9473.1875 | DH1037: 1035 | DI1037: 103.4 | DJ1037: 3.44596 | DK1037: 9693.8457 | DQ1037: 1035 | DR1037: 103.4 | DS1037: 3.44595 | DT1037: 9719.3271
B1038: 1036 | C1038: 103.5 | D1038: 3.44922 | E1038: 9524.1367 | K1038: 1036 | L1038: 103.5 | M1038: 3.44927 | N1038: 9657.4893 | AC1038: 1036 | AD1038: 103.5 | AE1038: 3.44924 | AF1038: 9634.1221 | AL1038: 1036 | AM1038: 103.5 | AN1038: 3.44928 | AO1038: 9581.2598 | AV1038: 1036 | AW1038: 103.5 | AX1038: 3.44924 | AY1038: 9347.2295 | BN1038: 1036 | BO1038: 103.5 | BP1038: 3.44926 | BQ1038: 9545.5723 | BW1038: 1036 | BX1038: 103.5 | BY1038: 3.44929 | BZ1038: 9539.8711 | CF1038: 1036 | CG1038: 103.5 | CH1038: 3.44922 | CI1038: 9692.5723 | CP1038: 1036 | CQ1038: 103.5 | CR1038: 3.44924 | CS1038: 9396.7334 | CY1038: 1036 | CZ1038: 103.5 | DA1038: 3.44927 | DB1038: 9483.3311 | DH1038: 1036 | DI1038: 103.5 | DJ1038: 3.44923 | DK1038: 9704.8555 | DQ1038: 1036 | DR1038: 103.5 | DS1038: 3.44928 | DT1038: 9730.2021
B1039: 1037 | C1039: 103.6 | D1039: 3.45254 | E1039: 9534.7021 | K1039: 1037 | L1039: 103.6 | M1039: 3.45259 | N1039: 9668.1602 | AC1039: 1037 | AD1039: 103.6 | AE1039: 3.4526 | AF1039: 9644.8809 | AL1039: 1037 | AM1039: 103.6 | AN1039: 3.45259 | AO1039: 9591.3809 | AV1039: 1037 | AW1039: 103.6 | AX1039: 3.45254 | AY1039: 9357.6221 | BN1039: 1037 | BO1039: 103.6 | BP1039: 3.45258 | BQ1039: 9556.1729 | BW1039: 1037 | BX1039: 103.6 | BY1039: 3.45257 | BZ1039: 9550.8359 | CF1039: 1037 | CG1039: 103.6 | CH1039: 3.45258 | CI1039: 9703.333 | CP1039: 1037 | CQ1039: 103.6 | CR1039: 3.45259 | CS1039: 9407.1797 | CY1039: 1037 | CZ1039: 103.6 | DA1039: 3.45256 | DB1039: 9493.4316 | DH1039: 1037 | DI1039: 103.6 | DJ1039: 3.45258 | DK1039: 9716.2178 | DQ1039: 1037 | DR1039: 103.6 | DS1039: 3.45256 | DT1039: 9741.2314
B1040: 1038 | C1040: 103.7 | D1040: 3.45594 | E1040: 9545.2432 | K1040: 1038 | L1040: 103.7 | M1040: 3.45593 | N1040: 9678.7471 | AC1040: 1038 | AD1040: 103.7 | AE1040: 3.45589 | AF1040: 9654.4453 | AL1040: 1038 | AM1040: 103.7 | AN1040: 3.45593 | AO1040: 9601.8877 | AV1040: 1038 | AW1040: 103.7 | AX1040: 3.45591 | AY1040: 9368.6699 | BN1040: 1038 | BO1040: 103.7 | BP1040: 3.45595 | BQ1040: 9566.0889 | BW1040: 1038 | BX1040: 103.7 | BY1040: 3.45593 | BZ1040: 9561.2217 | CF1040: 1038 | CG1040: 103.7 | CH1040: 3.45589 | CI1040: 9713.7949 | CP1040: 1038 | CQ1040: 103.7 | CR1040: 3.45592 | CS1040: 9417.7881 | CY1040: 1038 | CZ1040: 103.7 | DA1040: 3.45593 | DB1040: 9504.4805 | DH1040: 1038 | DI1040: 103.7 | DJ1040: 3.45592 | DK1040: 9727.1348 | DQ1040: 1038 | DR1040: 103.7 | DS1040: 3.45593 | DT1040: 9752.2607
B1041: 1039 | C1041: 103.8 | D1041: 3.45925 | E1041: 9555.7295 | K1041: 1039 | L1041: 103.8 | M1041: 3.4593 | N1041: 9689.9854 | AC1041: 1039 | AD1041: 103.8 | AE1041: 3.45924 | AF1041: 9665.2471 | AL1041: 1039 | AM1041: 103.8 | AN1041: 3.45928 | AO1041: 9612.7686 | AV1041: 1039 | AW1041: 103.8 | AX1041: 3.45928 | AY1041: 9379.75 | BN1041: 1039 | BO1041: 103.8 | BP1041: 3.45927 | BQ1041: 9576.7686 | BW1041: 1039 | BX1041: 103.8 | BY1041: 3.45925 | BZ1041: 9572.0195 | CF1041: 1039 | CG1041: 103.8 | CH1041: 3.45918 | CI1041: 9724.3203 | CP1041: 1039 | CQ1041: 103.8 | CR1041: 3.45922 | CS1041: 9428.1152 | CY1041: 1039 | CZ1041: 103.8 | DA1041: 3.45924 | DB1041: 9514.8008 | DH1041: 1039 | DI1041: 103.8 | DJ1041: 3.45921 | DK1041: 9737.2568 | DQ1041: 1039 | DR1041: 103.8 | DS1041: 3.45925 | DT1041: 9762.999
B1042: 1040 | C1042: 103.9 | D1042: 3.46258 | E1042: 9566.7441 | K1042: 1040 | L1042: 103.9 | M1042: 3.46256 | N1042: 9699.6748 | AC1042: 1040 | AD1042: 103.9 | AE1042: 3.46262 | AF1042: 9676.5635 | AL1042: 1040 | AM1042: 103.9 | AN1042: 3.46256 | AO1042: 9623.5801 | AV1042: 1040 | AW1042: 103.9 | AX1042: 3.46257 | AY1042: 9389.8838 | BN1042: 1040 | BO1042: 103.9 | BP1042: 3.46256 | BQ1042: 9587.3799 | BW1042: 1040 | BX1042: 103.9 | BY1042: 3.46252 | BZ1042: 9581.6973 | CF1042: 1040 | CG1042: 103.9 | CH1042: 3.46261 | CI1042: 9736.5449 | CP1042: 1040 | CQ1042: 103.9 | CR1042: 3.46257 | CS1042: 9438.458 | CY1042: 1040 | CZ1042: 103.9 | DA1042: 3.46253 | DB1042: 9511.9209 | DH1042: 1040 | DI1042: 103.9 | DJ1042: 3.46256 | DK1042: 9747.9629 | DQ1042: 1040 | DR1042: 103.9 | DS1042: 3.46253 | DT1042: 9773.6094
B1043: 1041 | C1043: 104 | D1043: 3.46596 | E1043: 9577.1162 | K1043: 1041 | L1043: 104 | M1043: 3.46585 | N1043: 9710.8428 | AC1043: 1041 | AD1043: 104 | AE1043: 3.46593 | AF1043: 9686.9297 | AL1043: 1041 | AM1043: 104 | AN1043: 3.46591 | AO1043: 9633.4521 | AV1043: 1041 | AW1043: 104 | AX1043: 3.46595 | AY1043: 9400.1387 | BN1043: 1041 | BO1043: 104 | BP1043: 3.46591 | BQ1043: 9597.5146 | BW1043: 1041 | BX1043: 104 | BY1043: 3.4659 | BZ1043: 9592.8398 | CF1043: 1041 | CG1043: 104 | CH1043: 3.46598 | CI1043: 9747.1797 | CP1043: 1041 | CQ1043: 104 | CR1043: 3.46593 | CS1043: 9449.4277 | CY1043: 1041 | CZ1043: 104 | DA1043: 3.46591 | DB1043: 9517.3975 | DH1043: 1041 | DI1043: 104 | DJ1043: 3.46592 | DK1043: 9759.166 | DQ1043: 1041 | DR1043: 104 | DS1043: 3.46591 | DT1043: 9785.2598
B1044: 1042 | C1044: 104.1 | D1044: 3.46926 | E1044: 9587.6523 | K1044: 1042 | L1044: 104.1 | M1044: 3.46924 | N1044: 9721.7481 | AC1044: 1042 | AD1044: 104.1 | AE1044: 3.46924 | AF1044: 9697.8008 | AL1044: 1042 | AM1044: 104.1 | AN1044: 3.46927 | AO1044: 9644.832 | AV1044: 1042 | AW1044: 104.1 | AX1044: 3.4693 | AY1044: 9411.1836 | BN1044: 1042 | BO1044: 104.1 | BP1044: 3.46927 | BQ1044: 9609.1045 | BW1044: 1042 | BX1044: 104.1 | BY1044: 3.46926 | BZ1044: 9603.7637 | CF1044: 1042 | CG1044: 104.1 | CH1044: 3.46925 | CI1044: 9757.6611 | CP1044: 1042 | CQ1044: 104.1 | CR1044: 3.46924 | CS1044: 9460.1348 | CY1044: 1042 | CZ1044: 104.1 | DA1044: 3.46923 | DB1044: 9527.5146 | DH1044: 1042 | DI1044: 104.1 | DJ1044: 3.46924 | DK1044: 9769.5059 | DQ1044: 1042 | DR1044: 104.1 | DS1044: 3.46924 | DT1044: 9795.6123
B1045: 1043 | C1045: 104.2 | D1045: 3.47259 | E1045: 9598.2861 | K1045: 1043 | L1045: 104.2 | M1045: 3.47254 | N1045: 9732.7666 | AC1045: 1043 | AD1045: 104.2 | AE1045: 3.47262 | AF1045: 9708.9365 | AL1045: 1043 | AM1045: 104.2 | AN1045: 3.47254 | AO1045: 9654.8682 | AV1045: 1043 | AW1045: 104.2 | AX1045: 3.47257 | AY1045: 9420.9473 | BN1045: 1043 | BO1045: 104.2 | BP1045: 3.47258 | BQ1045: 9619.2002 | BW1045: 1043 | BX1045: 104.2 | BY1045: 3.47257 | BZ1045: 9614.4531 | CF1045: 1043 | CG1045: 104.2 | CH1045: 3.47262 | CI1045: 9769.1699 | CP1045: 1043 | CQ1045: 104.2 | CR1045: 3.4726 | CS1045: 9471.1475 | CY1045: 1043 | CZ1045: 104.2 | DA1045: 3.47257 | DB1045: 9538.7031 | DH1045: 1043 | DI1045: 104.2 | DJ1045: 3.4726 | DK1045: 9781.0381 | DQ1045: 1043 | DR1045: 104.2 | DS1045: 3.47257 | DT1045: 9807.1299
B1046: 1044 | C1046: 104.3 | D1046: 3.47592 | E1046: 9609.3115 | K1046: 1044 | L1046: 104.3 | M1046: 3.47591 | N1046: 9742.9356 | AC1046: 1044 | AD1046: 104.3 | AE1046: 3.47593 | AF1046: 9718.4521 | AL1046: 1044 | AM1046: 104.3 | AN1046: 3.47591 | AO1046: 9665.3838 | AV1046: 1044 | AW1046: 104.3 | AX1046: 3.47591 | AY1046: 9431.5137 | BN1046: 1044 | BO1046: 104.3 | BP1046: 3.47592 | BQ1046: 9630.4346 | BW1046: 1044 | BX1046: 104.3 | BY1046: 3.47594 | BZ1046: 9625.9512 | CF1046: 1044 | CG1046: 104.3 | CH1046: 3.47593 | CI1046: 9779.3769 | CP1046: 1044 | CQ1046: 104.3 | CR1046: 3.47596 | CS1046: 9482.0771 | CY1046: 1044 | CZ1046: 104.3 | DA1046: 3.47594 | DB1046: 9549.0342 | DH1046: 1044 | DI1046: 104.3 | DJ1046: 3.47595 | DK1046: 9791.8096 | DQ1046: 1044 | DR1046: 104.3 | DS1046: 3.47595 | DT1046: 9817.6045
B1047: 1045 | C1047: 104.4 | D1047: 3.47922 | E1047: 9619.46 | K1047: 1045 | L1047: 104.4 | M1047: 3.47932 | N1047: 9754.1455 | AC1047: 1045 | AD1047: 104.4 | AE1047: 3.4792 | AF1047: 9729.6621 | AL1047: 1045 | AM1047: 104.4 | AN1047: 3.4793 | AO1047: 9675.6104 | AV1047: 1045 | AW1047: 104.4 | AX1047: 3.47924 | AY1047: 9442.1006 | BN1047: 1045 | BO1047: 104.4 | BP1047: 3.47925 | BQ1047: 9640.374 | BW1047: 1045 | BX1047: 104.4 | BY1047: 3.47931 | BZ1047: 9636.3467 | CF1047: 1045 | CG1047: 104.4 | CH1047: 3.47922 | CI1047: 9789.9102 | CP1047: 1045 | CQ1047: 104.4 | CR1047: 3.47925 | CS1047: 9492.2646 | CY1047: 1045 | CZ1047: 104.4 | DA1047: 3.47926 | DB1047: 9559.9727 | DH1047: 1045 | DI1047: 104.4 | DJ1047: 3.47925 | DK1047: 9802.3467 | DQ1047: 1045 | DR1047: 104.4 | DS1047: 3.47927 | DT1047: 9828.542
B1048: 1046 | C1048: 104.5 | D1048: 3.48257 | E1048: 9630.2832 | K1048: 1046 | L1048: 104.5 | M1048: 3.4826 | N1048: 9765.5186 | AC1048: 1046 | AD1048: 104.5 | AE1048: 3.48257 | AF1048: 9740.0879 | AL1048: 1046 | AM1048: 104.5 | AN1048: 3.48256 | AO1048: 9686.5039 | AV1048: 1046 | AW1048: 104.5 | AX1048: 3.48258 | AY1048: 9452.2568 | BN1048: 1046 | BO1048: 104.5 | BP1048: 3.48256 | BQ1048: 9651.1553 | BW1048: 1046 | BX1048: 104.5 | BY1048: 3.48258 | BZ1048: 9647.1025 | CF1048: 1046 | CG1048: 104.5 | CH1048: 3.48258 | CI1048: 9801.4766 | CP1048: 1046 | CQ1048: 104.5 | CR1048: 3.48259 | CS1048: 9502.6025 | CY1048: 1046 | CZ1048: 104.5 | DA1048: 3.48257 | DB1048: 9568.5654 | DH1048: 1046 | DI1048: 104.5 | DJ1048: 3.48259 | DK1048: 9812.667 | DQ1048: 1046 | DR1048: 104.5 | DS1048: 3.48258 | DT1048: 9839.124
B1049: 1047 | C1049: 104.6 | D1049: 3.48594 | E1049: 9640.7256 | K1049: 1047 | L1049: 104.6 | M1049: 3.48593 | N1049: 9775.5449 | AC1049: 1047 | AD1049: 104.6 | AE1049: 3.48593 | AF1049: 9751.291 | AL1049: 1047 | AM1049: 104.6 | AN1049: 3.4859 | AO1049: 9697.4268 | AV1049: 1047 | AW1049: 104.6 | AX1049: 3.48593 | AY1049: 9463.166 | BN1049: 1047 | BO1049: 104.6 | BP1049: 3.48593 | BQ1049: 9661.2734 | BW1049: 1047 | BX1049: 104.6 | BY1049: 3.48591 | BZ1049: 9656.9131 | CF1049: 1047 | CG1049: 104.6 | CH1049: 3.48589 | CI1049: 9812.5303 | CP1049: 1047 | CQ1049: 104.6 | CR1049: 3.48595 | CS1049: 9514.2998 | CY1049: 1047 | CZ1049: 104.6 | DA1049: 3.48594 | DB1049: 9579.0518 | DH1049: 1047 | DI1049: 104.6 | DJ1049: 3.48595 | DK1049: 9823.9131 | DQ1049: 1047 | DR1049: 104.6 | DS1049: 3.48595 | DT1049: 9850.6191
... B1077: 1075 | C1077: 106.836 | D1077: 3.56053 | E1077: 5644.9815 | K1077: 1075 | L1077: 107.4 | M1077: 3.57927 | N1077: 10044.76 | AC1077: 1075 | AD1077: 107.4 | AE1077: 3.57922 | AF1077: 10049.796 | AL1077: 1075 | AM1077: 107.4 | AN1077: 3.57925 | AO1077: 9994.5283 | AV1077: 1075 | AW1077: 107.4 | AX1077: 3.57926 | AY1077: 9755.9902 | BN1077: 1075 | BO1077: 107.4 | BP1077: 3.57929 | BQ1077: 9957.1992 | BW1077: 1075 | BX1077: 107.4 | BY1077: 3.57928 | BZ1077: 9958.8203 | CF1077: 1075 | CG1077: 107.4 | CH1077: 3.57924 | CI1077: 10117.272 | CP1077: 1075 | CQ1077: 107.4 | CR1077: 3.57927 | CS1077: 9812.6523 | CY1077: 1075 | CZ1077: 107.4 | DA1077: 3.57925 | DB1077: 9878.0176 | DH1077: 1075 | DI1077: 107.4 | DJ1077: 3.57926 | DK1077: 10127.419 | DQ1077: 1075 | DR1077: 107.4 | DS1077: 3.57925 | DT1077: 10156.518
K1078: 1076 | L1078: 107.5 | M1078: 3.5826 | N1078: 10055.449 | AC1078: 1076 | AD1078: 107.5 | AE1078: 3.5826 | AF1078: 10060.825 | AL1078: 1076 | AM1078: 107.5 | AN1078: 3.58255 | AO1078: 10005.204 | AV1078: 1076 | AW1078: 107.5 | AX1078: 3.58255 | AY1078: 9766.6025 | BN1078: 1076 | BO1078: 107.5 | BP1078: 3.58257 | BQ1078: 9966.5723 | BW1078: 1076 | BX1078: 107.5 | BY1078: 3.58257 | BZ1078: 9968.7549 | CF1078: 1076 | CG1078: 107.5 | CH1078: 3.58259 | CI1078: 10128.639 | CP1078: 1076 | CQ1078: 107.5 | CR1078: 3.58262 | CS1078: 9823.2334 | CY1078: 1076 | CZ1078: 107.5 | DA1078: 3.58259 | DB1078: 9888.8242 | DH1078: 1076 | DI1078: 107.5 | DJ1078: 3.58261 | DK1078: 10138.741 | DQ1078: 1076 | DR1078: 107.5 | DS1078: 3.5826 | DT1078: 10167.266
K1079: 1077 | L1079: 107.6 | M1079: 3.5859 | N1079: 10066.148 | AC1079: 1077 | AD1079: 107.6 | AE1079: 3.58591 | AF1079: 10071.616 | AL1079: 1077 | AM1079: 107.6 | AN1079: 3.5859 | AO1079: 10016.546 | AV1079: 1077 | AW1079: 107.6 | AX1079: 3.58589 | AY1079: 9776.9473 | BN1079: 1077 | BO1079: 107.6 | BP1079: 3.58593 | BQ1079: 9978.6299 | BW1079: 1077 | BX1079: 107.6 | BY1079: 3.58593 | BZ1079: 9980.3164 | CF1079: 1077 | CG1079: 107.6 | CH1079: 3.58594 | CI1079: 10139.304 | CP1079: 1077 | CQ1079: 107.6 | CR1079: 3.58595 | CS1079: 9833.8662 | CY1079: 1077 | CZ1079: 107.6 | DA1079: 3.58594 | DB1079: 9899.9863 | DH1079: 1077 | DI1079: 107.6 | DJ1079: 3.58594 | DK1079: 10149.506 | DQ1079: 1077 | DR1079: 107.6 | DS1079: 3.58595 | DT1079: 10178.748
K1080: 1078 | L1080: 107.7 | M1080: 3.58929 | N1080: 10077.922 | AC1080: 1078 | AD1080: 107.7 | AE1080: 3.58923 | AF1080: 10082.071 | AL1080: 1078 | AM1080: 107.7 | AN1080: 3.5893 | AO1080: 10027.073 | AV1080: 1078 | AW1080: 107.7 | AX1080: 3.58927 | AY1080: 9787.6543 | BN1080: 1078 | BO1080: 107.7 | BP1080: 3.58925 | BQ1080: 9988.7939 | BW1080: 1078 | BX1080: 107.7 | BY1080: 3.5893 | BZ1080: 9990.2207 | CF1080: 1078 | CG1080: 107.7 | CH1080: 3.58922 | CI1080: 10149.713 | CP1080: 1078 | CQ1080: 107.7 | CR1080: 3.58924 | CS1080: 9844.416 | CY1080: 1078 | CZ1080: 107.7 | DA1080: 3.58926 | DB1080: 9910.3896 | DH1080: 1078 | DI1080: 107.7 | DJ1080: 3.58924 | DK1080: 10160.499 | DQ1080: 1078 | DR1080: 107.7 | DS1080: 3.58927 | DT1080: 10189.786
K1081: 1079 | L1081: 107.8 | M1081: 3.5926 | N1081: 10088.084 | AC1081: 1079 | AD1081: 107.8 | AE1081: 3.59261 | AF1081: 10092.82 | AL1081: 1079 | AM1081: 107.8 | AN1081: 3.59257 | AO1081: 10037.007 | AV1081: 1079 | AW1081: 107.8 | AX1081: 3.59259 | AY1081: 9798.4971 | BN1081: 1079 | BO1081: 107.8 | BP1081: 3.59254 | BQ1081: 9999.1387 | BW1081: 1079 | BX1081: 107.8 | BY1081: 3.59258 | BZ1081: 10001.341 | CF1081: 1079 | CG1081: 107.8 | CH1081: 3.59257 | CI1081: 10160.681 | CP1081: 1079 | CQ1081: 107.8 | CR1081: 3.59257 | CS1081: 9854.9033 | CY1081: 1079 | CZ1081: 107.8 | DA1081: 3.59257 | DB1081: 9921.2432 | DH1081: 1079 | DI1081: 107.8 | DJ1081: 3.59257 | DK1081: 10170.385 | DQ1081: 1079 | DR1081: 107.8 | DS1081: 3.59258 | DT1081: 10200.435
K1082: 1080 | L1082: 107.9 | M1082: 3.5959 | N1082: 10098.344 | AC1082: 1080 | AD1082: 107.9 | AE1082: 3.59595 | AF1082: 10104.323 | AL1082: 1080 | AM1082: 107.9 | AN1082: 3.59589 | AO1082: 10048.315 | AV1082: 1080 | AW1082: 107.9 | AX1082: 3.5959 | AY1082: 9808.4941 | BN1082: 1080 | BO1082: 107.9 | BP1082: 3.59589 | BQ1082: 10010.565 | BW1082: 1080 | BX1082: 107.9 | BY1082: 3.5959 | BZ1082: 10012.249 | CF1082: 1080 | CG1082: 107.9 | CH1082: 3.59593 | CI1082: 10171.883 | CP1082: 1080 | CQ1082: 107.9 | CR1082: 3.59592 | CS1082: 9865.4561 | CY1082: 1080 | CZ1082: 107.9 | DA1082: 3.59592 | DB1082: 9927.6279 | DH1082: 1080 | DI1082: 107.9 | DJ1082: 3.59591 | DK1082: 10181.321 | DQ1082: 1080 | DR1082: 107.9 | DS1082: 3.59592 | DT1082: 10211.394
K1083: 1081 | L1083: 108 | M1083: 3.59927 | N1083: 10109.196 | AC1083: 1081 | AD1083: 108 | AE1083: 3.59927 | AF1083: 10114.501 | AL1083: 1081 | AM1083: 108 | AN1083: 3.59927 | AO1083: 10058.633 | AV1083: 1081 | AW1083: 108 | AX1083: 3.59927 | AY1083: 9819.4434 | BN1083: 1081 | BO1083: 108 | BP1083: 3.59925 | BQ1083: 10020.771 | BW1083: 1081 | BX1083: 108 | BY1083: 3.59926 | BZ1083: 10023.023 | CF1083: 1081 | CG1083: 108 | CH1083: 3.59924 | CI1083: 10182.463 | CP1083: 1081 | CQ1083: 108 | CR1083: 3.59922 | CS1083: 9876.4014 | CY1083: 1081 | CZ1083: 108 | DA1083: 3.59923 | DB1083: 9938.4434 | DH1083: 1081 | DI1083: 108 | DJ1083: 3.59921 | DK1083: 10191.805 | DQ1083: 1081 | DR1083: 108 | DS1083: 3.59924 | DT1083: 10221.638
K1084: 1082 | L1084: 108.1 | M1084: 3.60258 | N1084: 10119.732 | AC1084: 1082 | AD1084: 108.1 | AE1084: 3.60259 | AF1084: 10125.442 | AL1084: 1082 | AM1084: 108.1 | AN1084: 3.60254 | AO1084: 10069.526 | AV1084: 1082 | AW1084: 108.1 | AX1084: 3.60257 | AY1084: 9830.4873 | BN1084: 1082 | BO1084: 108.1 | BP1084: 3.60257 | BQ1084: 10030.364 | BW1084: 1082 | BX1084: 108.1 | BY1084: 3.60258 | BZ1084: 10033.44 | CF1084: 1082 | CG1084: 108.1 | CH1084: 3.60259 | CI1084: 10193.583 | CP1084: 1082 | CQ1084: 108.1 | CR1084: 3.6026 | CS1084: 9886.6396 | CY1084: 1082 | CZ1084: 108.1 | DA1084: 3.60254 | DB1084: 9948.8535 | DH1084: 1082 | DI1084: 108.1 | DJ1084: 3.60259 | DK1084: 10203.026 | DQ1084: 1082 | DR1084: 108.1 | DS1084: 3.60254 | DT1084: 10232.767
K1085: 1083 | L1085: 108.2 | M1085: 3.60589 | N1085: 10129.825 | AC1085: 1083 | AD1085: 108.2 | AE1085: 3.60592 | AF1085: 10135.498 | AL1085: 1083 | AM1085: 108.2 | AN1085: 3.60588 | AO1085: 10080.135 | AV1085: 1083 | AW1085: 108.2 | AX1085: 3.60589 | AY1085: 9840.1836 | BN1085: 1083 | BO1085: 108.2 | BP1085: 3.60594 | BQ1085: 10041.547 | BW1085: 1083 | BX1085: 108.2 | BY1085: 3.60592 | BZ1085: 10044.327 | CF1085: 1083 | CG1085: 108.2 | CH1085: 3.60594 | CI1085: 10204.92 | CP1085: 1083 | CQ1085: 108.2 | CR1085: 3.60596 | CS1085: 9897.459 | CY1085: 1083 | CZ1085: 108.2 | DA1085: 3.60593 | DB1085: 9959.8672 | DH1085: 1083 | DI1085: 108.2 | DJ1085: 3.60595 | DK1085: 10214.562 | DQ1085: 1083 | DR1085: 108.2 | DS1085: 3.60594 | DT1085: 10244.209
K1086: 1084 | L1086: 108.3 | M1086: 3.60926 | N1086: 10141.449 | AC1086: 1084 | AD1086: 108.3 | AE1086: 3.60924 | AF1086: 10147.315 | AL1086: 1084 | AM1086: 108.3 | AN1086: 3.60928 | AO1086: 10090.978 | AV1086: 1084 | AW1086: 108.3 | AX1086: 3.60925 | AY1086: 9850.5322 | BN1086: 1084 | BO1086: 108.3 | BP1086: 3.6093 | BQ1086: 10052.493 | BW1086: 1084 | BX1086: 108.3 | BY1086: 3.60926 | BZ1086: 10055.111 | CF1086: 1084 | CG1086: 108.3 | CH1086: 3.60922 | CI1086: 10215.062 | CP1086: 1084 | CQ1086: 108.3 | CR1086: 3.60927 | CS1086: 9908.0928 | CY1086: 1084 | CZ1086: 108.3 | DA1086: 3.60928 | DB1086: 9970.2793 | DH1086: 1084 | DI1086: 108.3 | DJ1086: 3.60927 | DK1086: 10224.795 | DQ1086: 1084 | DR1086: 108.3 | DS1086: 3.60928 | DT1086: 10254.721
K1087: 1085 | L1087: 108.4 | M1087: 3.61258 | N1087: 10151.588 | AC1087: 1085 | AD1087: 108.4 | AE1087: 3.61258 | AF1087: 10157.984 | AL1087: 1085 | AM1087: 108.4 | AN1087: 3.6126 | AO1087: 10102.097 | AV1087: 1085 | AW1087: 108.4 | AX1087: 3.61255 | AY1087: 9860.9981 | BN1087: 1085 | BO1087: 108.4 | BP1087: 3.61258 | BQ1087: 10062.635 | BW1087: 1085 | BX1087: 108.4 | BY1087: 3.61258 | BZ1087: 10065.881 | CF1087: 1085 | CG1087: 108.4 | CH1087: 3.61258 | CI1087: 10226.467 | CP1087: 1085 | CQ1087: 108.4 | CR1087: 3.61261 | CS1087: 9919.1221 | CY1087: 1085 | CZ1087: 108.4 | DA1087: 3.61259 | DB1087: 9980.8906 | DH1087: 1085 | DI1087: 108.4 | DJ1087: 3.61261 | DK1087: 10236.287 | DQ1087: 1085 | DR1087: 108.4 | DS1087: 3.61259 | DT1087: 10265.758
K1088: 1086 | L1088: 108.5 | M1088: 3.61593 | N1088: 10162.52 | AC1088: 1086 | AD1088: 108.5 | AE1088: 3.6159 | AF1088: 10168.493 | AL1088: 1086 | AM1088: 108.5 | AN1088: 3.61592 | AO1088: 10112.62 | AV1088: 1086 | AW1088: 108.5 | AX1088: 3.61592 | AY1088: 9871.6807 | BN1088: 1086 | BO1088: 108.5 | BP1088: 3.61591 | BQ1088: 10073.147 | BW1088: 1086 | BX1088: 108.5 | BY1088: 3.61592 | BZ1088: 10076.396 | CF1088: 1086 | CG1088: 108.5 | CH1088: 3.61592 | CI1088: 10236.547 | CP1088: 1086 | CQ1088: 108.5 | CR1088: 3.61589 | CS1088: 9929.5068 | CY1088: 1086 | CZ1088: 108.5 | DA1088: 3.61593 | DB1088: 9991.3428 | DH1088: 1086 | DI1088: 108.5 | DJ1088: 3.61589 | DK1088: 10246.354 | DQ1088: 1086 | DR1088: 108.441 | DS1088: 3.61397 | DT1088: 9570.9902
K1089: 1087 | L1089: 108.6 | M1089: 3.61927 | N1089: 10173.906 | AC1089: 1087 | AD1089: 108.6 | AE1089: 3.61927 | AF1089: 10178.614 | AL1089: 1087 | AM1089: 108.6 | AN1089: 3.61931 | AO1089: 10123.666 | AV1089: 1087 | AW1089: 108.6 | AX1089: 3.61929 | AY1089: 9882.7256 | BN1089: 1087 | BO1089: 108.6 | BP1089: 3.61927 | BQ1089: 10083.806 | BW1089: 1087 | BX1089: 108.6 | BY1089: 3.61925 | BZ1089: 10086.622 | CF1089: 1087 | CG1089: 108.6 | CH1089: 3.6192 | CI1089: 10247.365 | CP1089: 1087 | CQ1089: 108.6 | CR1089: 3.61923 | CS1089: 9940.1426 | CY1089: 1087 | CZ1089: 108.6 | DA1089: 3.61923 | DB1089: 10001.915 | DH1089: 1087 | DI1089: 108.6 | DJ1089: 3.61923 | DK1089: 10257.178 | DQ1089: 1087 | DR1089: 108.444 | DS1089: 3.61408 | DT1089: 8891.0996
... K1093: 1091 | L1093: 109 | M1093: 3.63256 | N1093: 10216.744 | AC1093: 1091 | AD1093: 109 | AE1093: 3.63258 | AF1093: 10221.328 | AL1093: 1091 | AM1093: 109 | AN1093: 3.63254 | AO1093: 10165.667 | AV1093: 1091 | AW1093: 109 | AX1093: 3.63259 | AY1093: 9924.0459 | BN1093: 1091 | BO1093: 109 | BP1093: 3.63259 | BQ1093: 10093.207 | BW1093: 1091 | BX1093: 109 | BY1093: 3.63259 | BZ1093: 10130.057 | CF1093: 1091 | CG1093: 109 | CH1093: 3.6326 | CI1093: 10291.857 | CP1093: 1091 | CQ1093: 109 | CR1093: 3.63262 | CS1093: 9983.2119 | CY1093: 1091 | CZ1093: 109 | DA1093: 3.63257 | DB1093: 10044.809 | DH1093: 1091 | DI1093: 109 | DJ1093: 3.63261 | DK1093: 10300.159 | DQ1093: 1091 | DR1093: 108.454 | DS1093: 3.61446 | DT1093: 6076.2993
K1094: 1092 | L1094: 109.1 | M1094: 3.6359 | N1094: 10227.834 | AC1094: 1092 | AD1094: 109.1 | AE1094: 3.63591 | AF1094: 10231.872 | AL1094: 1092 | AM1094: 109.1 | AN1094: 3.63591 | AO1094: 10177.323 | AV1094: 1092 | AW1094: 109.1 | AX1094: 3.63589 | AY1094: 9934.6894 | BN1094: 1092 | BO1094: 109.1 | BP1094: 3.63593 | BQ1094: 10104.767 | BW1094: 1092 | BX1094: 109.1 | BY1094: 3.63593 | BZ1094: 10141.361 | CF1094: 1092 | CG1094: 109.1 | CH1094: 3.63593 | CI1094: 10302.101 | CP1094: 1092 | CQ1094: 109.1 | CR1094: 3.63596 | CS1094: 9994.0342 | CY1094: 1092 | CZ1094: 109.1 | DA1094: 3.63594 | DB1094: 10055.461 | DH1094: 1092 | DI1094: 109.1 | DJ1094: 3.63595 | DK1094: 10311.948
K1095: 1093 | L1095: 109.2 | M1095: 3.63928 | N1095: 10238.574 | AC1095: 1093 | AD1095: 109.2 | AE1095: 3.63922 | AF1095: 10242.279 | AL1095: 1093 | AM1095: 109.2 | AN1095: 3.6393 | AO1095: 10187.473 | AV1095: 1093 | AW1095: 109.2 | AX1095: 3.63924 | AY1095: 9945.9014 | BN1095: 1093 | BO1095: 109.2 | BP1095: 3.63926 | BQ1095: 10115.632 | BW1095: 1093 | BX1095: 109.2 | BY1095: 3.63929 | BZ1095: 10151.432 | CF1095: 1093 | CG1095: 109.2 | CH1095: 3.63924 | CI1095: 10312.947 | CP1095: 1093 | CQ1095: 109.2 | CR1095: 3.63927 | CS1095: 10004.908 | CY1095: 1093 | CZ1095: 109.2 | DA1095: 3.63927 | DB1095: 10066.1 | DH1095: 1093 | DI1095: 109.2 | DJ1095: 3.63927 | DK1095: 10322.141
K1096: 1094 | L1096: 109.3 | M1096: 3.64261 | N1096: 10249.155 | AC1096: 1094 | AD1096: 109.3 | AE1096: 3.64258 | AF1096: 10252.928 | AL1096: 1094 | AM1096: 109.3 | AN1096: 3.6426 | AO1096: 10198.442 | AV1096: 1094 | AW1096: 109.3 | AX1096: 3.6426 | AY1096: 9955.6719 | BN1096: 1094 | BO1096: 109.3 | BP1096: 3.64255 | BQ1096: 10126.395 | BW1096: 1094 | BX1096: 109.259 | BY1096: 3.64122 | BZ1096: 9334.5859 | CF1096: 1094 | CG1096: 109.3 | CH1096: 3.64258 | CI1096: 10323.738 | CP1096: 1094 | CQ1096: 109.3 | CR1096: 3.64257 | CS1096: 10015.289 | CY1096: 1094 | CZ1096: 109.3 | DA1096: 3.6426 | DB1096: 10076.93 | DH1096: 1094 | DI1096: 109.3 | DJ1096: 3.64257 | DK1096: 10332.79
K1097: 1095 | L1097: 109.4 | M1097: 3.64592 | N1097: 10260.034 | AC1097: 1095 | AD1097: 109.4 | AE1097: 3.64593 | AF1097: 10263.96 | AL1097: 1095 | AM1097: 109.4 | AN1097: 3.6459 | AO1097: 10208.785 | AV1097: 1095 | AW1097: 109.4 | AX1097: 3.6459 | AY1097: 9965.9209 | BN1097: 1095 | BO1097: 109.4 | BP1097: 3.6459 | BQ1097: 10137.572 | BW1097: 1095 | BX1097: 109.262 | BY1097: 3.64132 | BZ1097: 8628.8652 | CF1097: 1095 | CG1097: 109.4 | CH1097: 3.6459 | CI1097: 10334.95 | CP1097: 1095 | CQ1097: 109.4 | CR1097: 3.64592 | CS1097: 10026.327 | CY1097: 1095 | CZ1097: 109.4 | DA1097: 3.64591 | DB1097: 10087.856 | DH1097: 1095 | DI1097: 109.4 | DJ1097: 3.64592 | DK1097: 10344.91
K1098: 1096 | L1098: 109.5 | M1098: 3.64927 | N1098: 10270.936 | AC1098: 1096 | AD1098: 109.5 | AE1098: 3.64925 | AF1098: 10274.246 | AL1098: 1096 | AM1098: 109.5 | AN1098: 3.64925 | AO1098: 10218.916 | AV1098: 1096 | AW1098: 109.5 | AX1098: 3.64926 | AY1098: 9977.3252 | BN1098: 1096 | BO1098: 109.5 | BP1098: 3.64926 | BQ1098: 10148.295 | BW1098: 1096 | BX1098: 109.265 | BY1098: 3.64143 | BZ1098: 7827.9815 | CF1098: 1096 | CG1098: 109.5 | CH1098: 3.64923 | CI1098: 10345.235 | CP1098: 1096 | CQ1098: 109.5 | CR1098: 3.64924 | CS1098: 10036.768 | CY1098: 1096 | CZ1098: 109.5 | DA1098: 3.64924 | DB1098: 10098.2 | DH1098: 1096 | DI1098: 109.5 | DJ1098: 3.64923 | DK1098: 10355.543
K1099: 1097 | L1099: 109.6 | M1099: 3.65258 | N1099: 10281.695 | AC1099: 1097 | AD1099: 109.6 | AE1099: 3.65263 | AF1099: 10285.573 | AL1099: 1097 | AM1099: 109.6 | AN1099: 3.65255 | AO1099: 10229.917 | AV1099: 1097 | AW1099: 109.6 | AX1099: 3.65259 | AY1099: 9987.2402 | BN1099: 1097 | BO1099: 109.6 | BP1099: 3.65255 | BQ1099: 10158.771 | BW1099: 1097 | BX1099: 109.268 | BY1099: 3.64155 | BZ1099: 6973.8989 | CF1099: 1097 | CG1099: 109.6 | CH1099: 3.65261 | CI1099: 10357.035 | CP1099: 1097 | CQ1099: 109.6 | CR1099: 3.65257 | CS1099: 10046.593 | CY1099: 1097 | CZ1099: 109.6 | DA1099: 3.65256 | DB1099: 10109.104 | DH1099: 1097 | DI1099: 109.6 | DJ1099: 3.65257 | DK1099: 10365.642
K1100: 1098 | L1100: 109.7 | M1100: 3.65589 | N1100: 10292.425 | AC1100: 1098 | AD1100: 109.7 | AE1100: 3.65593 | AF1100: 10296.161 | AL1100: 1098 | AM1100: 109.7 | AN1100: 3.65588 | AO1100: 10240.32 | AV1100: 1098 | AW1100: 109.7 | AX1100: 3.65589 | AY1100: 9997.6113 | BN1100: 1098 | BO1100: 109.7 | BP1100: 3.65592 | BQ1100: 10169.576 | BW1100: 1098 | BX1100: 109.271 | BY1100: 3.64167 | BZ1100: 6100.4424 | CF1100: 1098 | CG1100: 109.7 | CH1100: 3.65594 | CI1100: 10345.668 | CP1100: 1098 | CQ1100: 109.7 | CR1100: 3.65593 | CS1100: 10057.932 | CY1100: 1098 | CZ1100: 109.7 | DA1100: 3.65589 | DB1100: 10119.213 | DH1100: 1098 | DI1100: 109.7 | DJ1100: 3.65593 | DK1100: 10377.219
K1101: 1099 | L1101: 109.8 | M1101: 3.65926 | N1101: 10303.317 | AC1101: 1099 | AD1101: 109.8 | AE1101: 3.65925 | AF1101: 10307.438 | AL1101: 1099 | AM1101: 109.8 | AN1101: 3.65927 | AO1101: 10251.866 | AV1101: 1099 | AW1101: 109.8 | AX1101: 3.65927 | AY1101: 10008.553 | BN1101: 1099 | BO1101: 109.8 | BP1101: 3.6593 | BQ1101: 10181.465 | BW1101: 1099 | BX1101: 109.272 | BY1101: 3.64171 | BZ1101: 5812.4243 | CF1101: 1099 | CG1101: 109.8 | CH1101: 3.65924 | CI1101: 10222.721 | CP1101: 1099 | CQ1101: 109.8 | CR1101: 3.65926 | CS1101: 10068.704 | CY1101: 1099 | CZ1101: 109.8 | DA1101: 3.65925 | DB1101: 10130.282 | DH1101: 1099 | DI1101: 109.8 | DJ1101: 3.65925 | DK1101: 10387.728
K1102: 1100 | L1102: 109.9 | M1102: 3.66258 | N1102: 10314 | AC1102: 1100 | AD1102: 109.9 | AE1102: 3.66261 | AF1102: 10317.75 | AL1102: 1100 | AM1102: 109.9 | AN1102: 3.66258 | AO1102: 10262.45 | AV1102: 1100 | AW1102: 109.9 | AX1102: 3.66257 | AY1102: 10018.722 | BN1102: 1100 | BO1102: 109.9 | BP1102: 3.66258 | BQ1102: 10191.519 | CF1102: 1100 | CG1102: 109.821 | CH1102: 3.65996 | CI1102: 9523.3857 | CP1102: 1100 | CQ1102: 109.9 | CR1102: 3.66261 | CS1102: 10079.909 | CY1102: 1100 | CZ1102: 109.9 | DA1102: 3.66258 | DB1102: 10141.022 | DH1102: 1100 | DI1102: 109.9 | DJ1102: 3.6626 | DK1102: 10398.803
K1103: 1101 | L1103: 110 | M1103: 3.66591 | N1103: 10325.01 | AC1103: 1101 | AD1103: 110 | AE1103: 3.66591 | AF1103: 10328.756 | AL1103: 1101 | AM1103: 110 | AN1103: 3.66592 | AO1103: 10273.183 | AV1103: 1101 | AW1103: 110 | AX1103: 3.66587 | AY1103: 10028.754 | BN1103: 1101 | BO1103: 110 | BP1103: 3.66592 | BQ1103: 10203.148 | CF1103: 1101 | CG1103: 109.824 | CH1103: 3.66006 | CI1103: 8847.8457 | CP1103: 1101 | CQ1103: 110 | CR1103: 3.66593 | CS1103: 10089.943 | CY1103: 1101 | CZ1103: 110 | DA1103: 3.66594 | DB1103: 10152.293 | DH1103: 1101 | DI1103: 110 | DJ1103: 3.66593 | DK1103: 10409.711
K1104: 1102 | L1104: 110.1 | M1104: 3.66929 | N1104: 10336.449 | AC1104: 1102 | AD1104: 110.1 | AE1104: 3.66923 | AF1104: 10339.145 | AL1104: 1102 | AM1104: 110.1 | AN1104: 3.66931 | AO1104: 10283.85 | AV1104: 1102 | AW1104: 110.1 | AX1104: 3.66926 | AY1104: 10024.427 | BN1104: 1102 | BO1104: 110.1 | BP1104: 3.66926 | BQ1104: 10214.526 | CF1104: 1102 | CG1104: 109.827 | CH1104: 3.66017 | CI1104: 8063.3628 | CP1104: 1102 | CQ1104: 110.1 | CR1104: 3.6692 | CS1104: 10100.904 | CY1104: 1102 | CZ1104: 110.1 | DA1104: 3.66924 | DB1104: 10162.695 | DH1104: 1102 | DI1104: 110.1 | DJ1104: 3.6692 | DK1104: 10419.973
K1105: 1103 | L1105: 110.2 | M1105: 3.67259 | N1105: 10346.572 | AC1105: 1103 | AD1105: 110.2 | AE1105: 3.67259 | AF1105: 10345.148 | AL1105: 1103 | AM1105: 110.2 | AN1105: 3.67259 | AO1105: 10293.754 | AV1105: 1103 | AW1105: 110.2 | AX1105: 3.67261 | AY1105: 10035.343 | BN1105: 1103 | BO1105: 110.2 | BP1105: 3.67257 | BQ1105: 10224.641 | CF1105: 1103 | CG1105: 109.83 | CH1105: 3.66029 | CI1105: 7213.8521 | CP1105: 1103 | CQ1105: 110.2 | CR1105: 3.67257 | CS1105: 10112.094 | CY1105: 1103 | CZ1105: 110.2 | DA1105: 3.67254 | DB1105: 10173.584 | DH1105: 1103 | DI1105: 110.2 | DJ1105: 3.67256 | DK1105: 10431.51
K1106: 1104 | L1106: 110.3 | M1106: 3.67589 | N1106: 10357.056 | AC1106: 1104 | AD1106: 110.3 | AE1106: 3.67593 | AF1106: 10356.937 | AL1106: 1104 | AM1106: 110.3 | AN1106: 3.67587 | AO1106: 10304.357 | AV1106: 1104 | AW1106: 110.3 | AX1106: 3.6759 | AY1106: 10045.709 | BN1106: 1104 | BO1106: 110.3 | BP1106: 3.67591 | BQ1106: 10235.824 | CF1106: 1104 | CG1106: 109.833 | CH1106: 3.66042 | CI1106: 6338.3203 | CP1106: 1104 | CQ1106: 110.3 | CR1106: 3.67592 | CS1106: 10122.24 | CY1106: 1104 | CZ1106: 110.3 | DA1106: 3.67591 | DB1106: 10184.514 | DH1106: 1104 | DI1106: 110.3 | DJ1106: 3.67592 | DK1106: 10442.36
K1107: 1105 | L1107: 110.4 | M1107: 3.67925 | N1107: 10368.234 | AC1107: 1105 | AD1107: 110.4 | AE1107: 3.67927 | AF1107: 10366.692 | AL1107: 1105 | AM1107: 110.4 | AN1107: 3.67927 | AO1107: 10315.54 | AV1107: 1105 | AW1107: 110.4 | AX1107: 3.67929 | AY1107: 10056.539 | BN1107: 1105 | BO1107: 110.4 | BP1107: 3.67927 | BQ1107: 10245.915 | CF1107: 1105 | CG1107: 109.834 | CH1107: 3.66046 | CI1107: 6047.8735 | CP1107: 1105 | CQ1107: 110.4 | CR1107: 3.67923 | CS1107: 10132.847 | CY1107: 1105 | CZ1107: 110.4 | DA1107: 3.67923 | DB1107: 10194.812 | DH1107: 1105 | DI1107: 110.4 | DJ1107: 3.67923 | DK1107: 10452.734
K1108: 1106 | L1108: 110.5 | M1108: 3.68256 | N1108: 10379.258 | AC1108: 1106 | AD1108: 110.5 | AE1108: 3.6826 | AF1108: 10377.34 | AL1108: 1106 | AM1108: 110.5 | AN1108: 3.68257 | AO1108: 10326.431 | AV1108: 1106 | AW1108: 110.5 | AX1108: 3.68261 | AY1108: 10067.107 | BN1108: 1106 | BO1108: 110.5 | BP1108: 3.68256 | BQ1108: 10256.199 | CP1108: 1106 | CQ1108: 110.5 | CR1108: 3.6826 | CS1108: 10144.356 | CY1108: 1106 | CZ1108: 110.5 | DA1108: 3.68254 | DB1108: 10205.606 | DH1108: 1106 | DI1108: 110.5 | DJ1108: 3.6826 | DK1108: 10464.047
K1109: 1107 | L1109: 110.6 | M1109: 3.68588 | N1109: 10389.632 | AC1109: 1107 | AD1109: 110.6 | AE1109: 3.68591 | AF1109: 10388.262 | AL1109: 1107 | AM1109: 110.6 | AN1109: 3.68588 | AO1109: 10336.625 | AV1109: 1107 | AW1109: 110.6 | AX1109: 3.68589 | AY1109: 10077.816 | BN1109: 1107 | BO1109: 110.6 | BP1109: 3.68591 | BQ1109: 10266.98 | CP1109: 1107 | CQ1109: 110.6 | CR1109: 3.68595 | CS1109: 10154.987 | CY1109: 1107 | CZ1109: 110.6 | DA1109: 3.68593 | DB1109: 10216.104 | DH1109: 1107 | DI1109: 110.6 | DJ1109: 3.68594 | DK1109: 10475.062
K1110: 1108 | L1110: 110.7 | M1110: 3.68926 | N1110: 10401.072 | AC1110: 1108 | AD1110: 110.7 | AE1110: 3.68923 | AF1110: 10398.776 | AL1110: 1108 | AM1110: 110.7 | AN1110: 3.68928 | AO1110: 10347.759 | AV1110: 1108 | AW1110: 110.7 | AX1110: 3.68925 | AY1110: 10088.809 | BN1110: 1108 | BO1110: 110.7 | BP1110: 3.68928 | BQ1110: 10278.522 | CP1110: 1108 | CQ1110: 110.7 | CR1110: 3.68926 | CS1110: 10165.847 | CY1110: 1108 | CZ1110: 110.7 | DA1110: 3.68927 | DB1110: 10226.474 | DH1110: 1108 | DI1110: 110.7 | DJ1110: 3.68926 | DK1110: 10485.864
K1111: 1109 | L1111: 110.8 | M1111: 3.69259 | N1111: 10411.235 | AC1111: 1109 | AD1111: 110.8 | AE1111: 3.69258 | AF1111: 10410.367 | AL1111: 1109 | AM1111: 110.8 | AN1111: 3.6926 | AO1111: 10358.263 | AV1111: 1109 | AW1111: 110.8 | AX1111: 3.69256 | AY1111: 10099.265 | BN1111: 1109 | BO1111: 110.8 | BP1111: 3.69255 | BQ1111: 10287.713 | CP1111: 1109 | CQ1111: 110.8 | CR1111: 3.69259 | CS1111: 10175.826 | CY1111: 1109 | CZ1111: 110.8 | DA1111: 3.69258 | DB1111: 10236.721 | DH1111: 1109 | DI1111: 110.8 | DJ1111: 3.69259 | DK1111: 10496.931
K1112: 1110 | L1112: 110.9 | M1112: 3.69593 | N1112: 10422.507 | AC1112: 1110 | AD1112: 110.9 | AE1112: 3.6959 | AF1112: 10421.207 | AL1112: 1110 | AM1112: 110.9 | AN1112: 3.69591 | AO1112: 10369.026 | AV1112: 1110 | AW1112: 110.9 | AX1112: 3.69589 | AY1112: 10110.004 | BN1112: 1110 | BO1112: 110.9 | BP1112: 3.69589 | BQ1112: 10298.412 | CP1112: 1110 | CQ1112: 110.9 | CR1112: 3.69592 | CS1112: 10187.119 | CY1112: 1110 | CZ1112: 110.9 | DA1112: 3.69592 | DB1112: 10247.881 | DH1112: 1110 | DI1112: 110.9 | DJ1112: 3.69591 | DK1112: 10507.033
K1113: 1111 | L1113: 111 | M1113: 3.69929 | N1113: 10433.676 | AC1113: 1111 | AD1113: 111 | AE1113: 3.69924 | AF1113: 10431.799 | AL1113: 1111 | AM1113: 111 | AN1113: 3.69927 | AO1113: 10380.366 | AV1113: 1111 | AW1113: 111 | AX1113: 3.69927 | AY1113: 10120.731 | BN1113: 1111 | BO1113: 111 | BP1113: 3.69928 | BQ1113: 10310.624 | CP1113: 1111 | CQ1113: 111 | CR1113: 3.69925 | CS1113: 10197.621 | CY1113: 1111 | CZ1113: 111 | DA1113: 3.69924 | DB1113: 10258.805 | DH1113: 1111 | DI1113: 111 | DJ1113: 3.69924 | DK1113: 10518.59
K1114: 1112 | L1114: 111.1 | M1114: 3.70257 | N1114: 10443.788 | AC1114: 1112 | AD1114: 111.1 | AE1114: 3.70261 | AF1114: 10443.217 | AL1114: 1112 | AM1114: 111.1 | AN1114: 3.70255 | AO1114: 10390.328 | AV1114: 1112 | AW1114: 111.1 | AX1114: 3.7026 | AY1114: 10131.074 | BN1114: 1112 | BO1114: 111.1 | BP1114: 3.70257 | BQ1114: 10320.825 | CP1114: 1112 | CQ1114: 111.1 | CR1114: 3.70258 | CS1114: 10208.793 | CY1114: 1112 | CZ1114: 111.1 | DA1114: 3.70257 | DB1114: 10269.934 | DH1114: 1112 | DI1114: 111.1 | DJ1114: 3.70258 | DK1114: 10529.398
...

Sheet stress-strain (instron)
A1: OBS: | B1: Stress-strain curves obtained using only instron
A4: AREA (mm2) | B4: =25*2 -> 50
A5: GAUGE LENGTH | B5: =250-120 -> 130
A6: SAMPLE 15 | B6: STRAIN | C6: STRESS | F6: SAMPLE 14 | G6: STRAIN | H6: STRESS | K6: SAMPLE 13 | L6: STRAIN | M6: STRESS | P6: SAMPLE 12 | Q6: STRAIN | R6: STRESS | U6: SAMPLE 11 | V6: STRAIN | W6: STRESS | Z6: SAMPLE 10 | AA6: STRAIN | AB6: STRESS | AE6: SAMPLE 9 | AF6: STRAIN | AG6: STRESS | AJ6: SAMPLE 8 | AK6: STRAIN | AL6: STRESS | AO6: SAMPLE 7 | AP6: STRAIN | AQ6: STRESS | AT6: SAMPLE 6 | AU6: STRAIN | AV6: STRESS | AY6: SAMPLE 5 | AZ6: STRAIN | BA6: STRESS | BD6: SAMPLE 4 | BE6: STRAIN | BF6: STRESS | BI6: SAMPLE 3 | BJ6: STRAIN | BK6: STRESS | BN6: SAMPLE 2 | BO6: STRAIN | BP6: STRESS | BS6: SAMPLE 1 | BT6: STRAIN | BU6: STRESS
B7: =('load-displacament'!D3/'stress-strain (instron)'!$B$5)-$A$9 -> 0 | C7: ='load-displacament'!E3/'stress-strain (instron)'!$B$4-$A$12 -> 0 | G7: =('load-displacament'!M3/'stress-strain (instron)'!$B$5)-$F$9 -> 0 | H7: ='load-displacament'!N3/'stress-strain (instron)'!$B$4-$F$12 -> 0 | L7: =('load-displacament'!V3/'stress-strain (instron)'!$B$5)-$K$9 -> 0 | M7: ='load-displacament'!W3/'stress-strain (instron)'!$B$4-$K$12 -> 0 | Q7: =('load-displacament'!AE3/'stress-strain (instron)'!$B$5)-$P$9 -> 0 | R7: ='load-displacament'!AF3/'stress-strain (instron)'!$B$4-$P$12 -> 0 | V7: =('load-displacament'!AN3/'stress-strain (instron)'!$B$5)-$U$9 -> 0 | W7: ='load-displacament'!AO3/'stress-strain (instron)'!$B$4-$U$12 -> 0 | AA7: =('load-displacament'!AX3/'stress-strain (instron)'!$B$5)-$Z$9 -> 0 | AB7: ='load-displacament'!AY3/'stress-strain (instron)'!$B$4-$Z$12 -> 0 | AF7: =('load-displacament'!BG3/'stress-strain (instron)'!$B$5)-$AE$9 -> 0 | AG7: ='load-displacament'!BH3/'stress-strain (instron)'!$B$4-$AE$12 -> 0 | AK7: =('load-displacament'!BP3/'stress-strain (instron)'!$B$5)-$AJ$9 -> 0 | AL7: ='load-displacament'!BQ3/'stress-strain (instron)'!$B$4-$AJ$12 -> 0 | AP7: =('load-displacament'!BY3/'stress-strain (instron)'!$B$5)-$AO$9 -> 0 | AQ7: ='load-displacament'!BZ3/'stress-strain (instron)'!$B$4-$AO$12 -> 0 | AU7: =('load-displacament'!CH3/'stress-strain (instron)'!$B$5)-$AT$9 -> 0 | AV7: ='load-displacament'!CI3/'stress-strain (instron)'!$B$4-$AT$12 -> 0 | AZ7: =('load-displacament'!CR3/'stress-strain (instron)'!$B$5)-$AY$9 -> 0 | BA7: ='load-displacament'!CS3/'stress-strain (instron)'!$B$4-$AY$12 -> 0 | BE7: =('load-displacament'!DA3/'stress-strain (instron)'!$B$5)-$BD$9 -> 0 | BF7: ='load-displacament'!DB3/'stress-strain (instron)'!$B$4-$BD$12 -> 0 | BJ7: =('load-displacament'!DJ3/'stress-strain (instron)'!$B$5)-$BI$9 -> 0 | BK7: ='load-displacament'!DK3/'stress-strain (instron)'!$B$4-$BI$12 -> 0 | BO7: =('load-displacament'!DS3/'stress-strain (instron)'!$B$5)-$BN$9 -> 0 | BP7: ='load-displacament'!DT3/'stress-strain (instron)'!$B$4-$BN$12 -> 0 | BT7: =('load-displacament'!EB3/'stress-strain (instron)'!$B$5)-$BS$9 -> 0 | BU7: ='load-displacament'!EC3/'stress-strain (instron)'!$B$4-$BS$12 -> 0
A8: INICIAL STRAIN | B8: =('load-displacament'!D4/'stress-strain (instron)'!$B$5)-$A$9 -> 1.2230769e-05 | C8: ='load-displacament'!E4/'stress-strain (instron)'!$B$4-$A$12 -> 0.0562572 | F8: INICIAL STRAIN | G8: =('load-displacament'!M4/'stress-strain (instron)'!$B$5)-$F$9 -> 1.4461538e-05 | H8: ='load-displacament'!N4/'stress-strain (instron)'!$B$4-$F$12 -> 0.119759 | K8: INICIAL STRAIN | L8: =('load-displacament'!V4/'stress-strain (instron)'!$B$5)-$K$9 -> 1.2692308e-05 | M8: ='load-displacament'!W4/'stress-strain (instron)'!$B$4-$K$12 -> 0.0682502 | P8: INICIAL STRAIN | Q8: =('load-displacament'!AE4/'stress-strain (instron)'!$B$5)-$P$9 -> 1.4076923e-05 | R8: ='load-displacament'!AF4/'stress-strain (instron)'!$B$4-$P$12 -> 0.1122204 | U8: INICIAL STRAIN | V8: =('load-displacament'!AN4/'stress-strain (instron)'!$B$5)-$U$9 -> 1.1307692e-05 | W8: ='load-displacament'!AO4/'stress-strain (instron)'!$B$4-$U$12 -> 0.0348732 | Z8: INICIAL STRAIN | AA8: =('load-displacament'!AX4/'stress-strain (instron)'!$B$5)-$Z$9 -> 1.4461538e-05 | AB8: ='load-displacament'!AY4/'stress-strain (instron)'!$B$4-$Z$12 -> 0.1166118 | AE8: INICIAL STRAIN | AF8: =('load-displacament'!BG4/'stress-strain (instron)'!$B$5)-$AE$9 -> 1.5384615e-05 | AG8: ='load-displacament'!BH4/'stress-strain (instron)'!$B$4-$AE$12 -> 0.140848 | AJ8: INICIAL STRAIN | AK8: =('load-displacament'!BP4/'stress-strain (instron)'!$B$5)-$AJ$9 -> 1.5538462e-05 | AL8: ='load-displacament'!BQ4/'stress-strain (instron)'!$B$4-$AJ$12 -> 0.1318416 | AO8: INICIAL STRAIN | AP8: =('load-displacament'!BY4/'stress-strain (instron)'!$B$5)-$AO$9 -> 1.2384615e-05 | AQ8: ='load-displacament'!BZ4/'stress-strain (instron)'!$B$4-$AO$12 -> 0.0577018 | AT8: INICIAL STRAIN | AU8: =('load-displacament'!CH4/'stress-strain (instron)'!$B$5)-$AO$9 -> 1.4384615e-05 | AV8: ='load-displacament'!CI4/'stress-strain (instron)'!$B$4-$AT$12 -> 0.132074 | AY8: INICIAL STRAIN | AZ8: =('load-displacament'!CR4/'stress-strain (instron)'!$B$5)-$AY$9 -> 1.4769231e-05 | BA8: ='load-displacament'!CS4/'stress-strain (instron)'!$B$4-$AY$12 -> 0.1426268 | BD8: INICIAL STRAIN | BE8: =('load-displacament'!DA4/'stress-strain (instron)'!$B$5)-$BD$9 -> 1.1461538e-05 | BF8: ='load-displacament'!DB4/'stress-strain (instron)'!$B$4-$BD$12 -> 0.0532118 | BI8: INICIAL STRAIN | BJ8: =('load-displacament'!DJ4/'stress-strain (instron)'!$B$5)-$BI$9 -> 1.4769231e-05 | BK8: ='load-displacament'!DK4/'stress-strain (instron)'!$B$4-$BI$12 -> 0.1246712 | BN8: INICIAL STRAIN | BO8: =('load-displacament'!DS4/'stress-strain (instron)'!$B$5)-$BI$9 -> 1.3769231e-05 | BP8: ='load-displacament'!DT4/'stress-strain (instron)'!$B$4-$BN$12 -> 0.1102032 | BS8: INICIAL STRAIN | BT8: =('load-displacament'!EB4/'stress-strain (instron)'!$B$5)-$BS$9 -> 1.4846154e-05 | BU8: ='load-displacament'!EC4/'stress-strain (instron)'!$B$4-$BS$12 -> 0.1192276
A9: ='load-displacament'!D3/$B$5 -> 0 | B9: =('load-displacament'!D5/'stress-strain (instron)'!$B$5)-$A$9 -> 4.5615385e-05 | C9: ='load-displacament'!E5/'stress-strain (instron)'!$B$4-$A$12 -> 0.4454826 | F9: ='load-displacament'!M3/$B$5 -> 0 | G9: =('load-displacament'!M5/'stress-strain (instron)'!$B$5)-$F$9 -> 4.5846154e-05 | H9: ='load-displacament'!N5/'stress-strain (instron)'!$B$4-$F$12 -> 0.4913742 | K9: ='load-displacament'!V3/$B$5 -> 0 | L9: =('load-displacament'!V5/'stress-strain (instron)'!$B$5)-$K$9 -> 4.5461538e-05 | M9: ='load-displacament'!W5/'stress-strain (instron)'!$B$4-$K$12 -> 0.4553664 | P9: ='load-displacament'!AE3/$B$5 -> 0 | Q9: =('load-displacament'!AE5/'stress-strain (instron)'!$B$5)-$P$9 -> 4.5923077e-05 | R9: ='load-displacament'!AF5/'stress-strain (instron)'!$B$4-$P$12 -> 0.4995074 | U9: ='load-displacament'!AN3/$B$5 -> 0 | V9: =('load-displacament'!AN5/'stress-strain (instron)'!$B$5)-$U$9 -> 4.6230769e-05 | W9: ='load-displacament'!AO5/'stress-strain (instron)'!$B$4-$U$12 -> 0.4458638 | Z9: ='load-displacament'!AX3/$B$5 -> 0 | AA9: =('load-displacament'!AX5/'stress-strain (instron)'!$B$5)-$Z$9 -> 4.6307692e-05 | AB9: ='load-displacament'!AY5/'stress-strain (instron)'!$B$4-$Z$12 -> 0.4887588 | AE9: ='load-displacament'!BG3/$B$5 -> 0 | AF9: =('load-displacament'!BG5/'stress-strain (instron)'!$B$5)-$AE$9 -> 4.5692308e-05 | AG9: ='load-displacament'!BH5/'stress-strain (instron)'!$B$4-$AE$12 -> 0.4928802 | AJ9: ='load-displacament'!BP3/$B$5 -> 0 | AK9: =('load-displacament'!BP5/'stress-strain (instron)'!$B$5)-$AJ$9 -> 4.5538462e-05 | AL9: ='load-displacament'!BQ5/'stress-strain (instron)'!$B$4-$AJ$12 -> 0.4994216 | AO9: ='load-displacament'!BY3/$B$5 -> 0 | AP9: =('load-displacament'!BY5/'stress-strain (instron)'!$B$5)-$AO$9 -> 4.5384615e-05 | AQ9: ='load-displacament'!BZ5/'stress-strain (instron)'!$B$4-$AO$12 -> 0.4416714 | AT9: ='load-displacament'!CH3/$B$5 -> 0 | AU9: =('load-displacament'!CH5/'stress-strain (instron)'!$B$5)-$AO$9 -> 4.5692308e-05 | AV9: ='load-displacament'!CI5/'stress-strain (instron)'!$B$4-$AT$12 -> 0.5177736 | AY9: ='load-displacament'!CR3/$B$5 -> 0 | AZ9: =('load-displacament'!CR5/'stress-strain (instron)'!$B$5)-$AY$9 -> 4.5538462e-05 | BA9: ='load-displacament'!CS5/'stress-strain (instron)'!$B$4-$AY$12 -> 0.511641 | BD9: ='load-displacament'!DA3/$B$5 -> 0 | BE9: =('load-displacament'!DA5/'stress-strain (instron)'!$B$5)-$BD$9 -> 4.5615385e-05 | BF9: ='load-displacament'!DB5/'stress-strain (instron)'!$B$4-$BD$12 -> 0.4441744 | BI9: ='load-displacament'!DJ3/$B$5 -> 0 | BJ9: =('load-displacament'!DJ5/'stress-strain (instron)'!$B$5)-$BI$9 -> 4.5538462e-05 | BK9: ='load-displacament'!DK5/'stress-strain (instron)'!$B$4-$BI$12 -> 0.4633034 | BN9: ='load-displacament'!DS3/$B$5 -> 0 | BO9: =('load-displacament'!DS5/'stress-strain (instron)'!$B$5)-$BI$9 -> 4.5692308e-05 | BP9: ='load-displacament'!DT5/'stress-strain (instron)'!$B$4-$BN$12 -> 0.487969 | BS9: ='load-displacament'!EB3/$B$5 -> 0 | BT9: =('load-displacament'!EB5/'stress-strain (instron)'!$B$5)-$BS$9 -> 4.5538462e-05 | BU9: ='load-displacament'!EC5/'stress-strain (instron)'!$B$4-$BS$12 -> 0.4833928
B10: =('load-displacament'!D6/'stress-strain (instron)'!$B$5)-$A$9 -> 7.1153846e-05 | C10: ='load-displacament'!E6/'stress-strain (instron)'!$B$4-$A$12 -> 0.7489102 | G10: =('load-displacament'!M6/'stress-strain (instron)'!$B$5)-$F$9 -> 7.0923077e-05 | H10: ='load-displacament'!N6/'stress-strain (instron)'!$B$4-$F$12 -> 0.7838474 | L10: =('load-displacament'!V6/'stress-strain (instron)'!$B$5)-$K$9 -> 7.1153846e-05 | M10: ='load-displacament'!W6/'stress-strain (instron)'!$B$4-$K$12 -> 0.7593648 | Q10: =('load-displacament'!AE6/'stress-strain (instron)'!$B$5)-$P$9 -> 7.1384615e-05 | R10: ='load-displacament'!AF6/'stress-strain (instron)'!$B$4-$P$12 -> 0.7993102 | V10: =('load-displacament'!AN6/'stress-strain (instron)'!$B$5)-$U$9 -> 7.0923077e-05 | W10: ='load-displacament'!AO6/'stress-strain (instron)'!$B$4-$U$12 -> 0.7199222 | AA10: =('load-displacament'!AX6/'stress-strain (instron)'!$B$5)-$Z$9 -> 7.1230769e-05 | AB10: ='load-displacament'!AY6/'stress-strain (instron)'!$B$4-$Z$12 -> 0.7778636 | AF10: =('load-displacament'!BG6/'stress-strain (instron)'!$B$5)-$AE$9 -> 7.1230769e-05 | AG10: ='load-displacament'!BH6/'stress-strain (instron)'!$B$4-$AE$12 -> 0.7862496 | AK10: =('load-displacament'!BP6/'stress-strain (instron)'!$B$5)-$AJ$9 -> 7.1e-05 | AL10: ='load-displacament'!BQ6/'stress-strain (instron)'!$B$4-$AJ$12 -> 0.7962068 | AP10: =('load-displacament'!BY6/'stress-strain (instron)'!$B$5)-$AO$9 -> 7.0923077e-05 | AQ10: ='load-displacament'!BZ6/'stress-strain (instron)'!$B$4-$AO$12 -> 0.7324812 | AU10: =('load-displacament'!CH6/'stress-strain (instron)'!$B$5)-$AO$9 -> 7.1307692e-05 | AV10: ='load-displacament'!CI6/'stress-strain (instron)'!$B$4-$AT$12 -> 0.8199438 | AZ10: =('load-displacament'!CR6/'stress-strain (instron)'!$B$5)-$AY$9 -> 7.1153846e-05 | BA10: ='load-displacament'!CS6/'stress-strain (instron)'!$B$4-$AY$12 -> 0.8037362 | BE10: =('load-displacament'!DA6/'stress-strain (instron)'!$B$5)-$BD$9 -> 7.1e-05 | BF10: ='load-displacament'!DB6/'stress-strain (instron)'!$B$4-$BD$12 -> 0.7433458 | BJ10: =('load-displacament'!DJ6/'stress-strain (instron)'!$B$5)-$BI$9 -> 7.1076923e-05 | BK10: ='load-displacament'!DK6/'stress-strain (instron)'!$B$4-$BI$12 -> 0.7591428 | BO10: =('load-displacament'!DS6/'stress-strain (instron)'!$B$5)-$BI$9 -> 7.1076923e-05 | BP10: ='load-displacament'!DT6/'stress-strain (instron)'!$B$4-$BN$12 -> 0.793917 | BT10: =('load-displacament'!EB6/'stress-strain (instron)'!$B$5)-$BS$9 -> 7.1076923e-05 | BU10: ='load-displacament'!EC6/'stress-strain (instron)'!$B$4-$BS$12 -> 0.7729032
A11: INITIAL STRESS | B11: =('load-displacament'!D7/'stress-strain (instron)'!$B$5)-$A$9 -> 9.6846154e-05 | C11: ='load-displacament'!E7/'stress-strain (instron)'!$B$4-$A$12 -> 1.0451982 | F11: INITIAL STRESS | G11: =('load-displacament'!M7/'stress-strain (instron)'!$B$5)-$F$9 -> 9.6692308e-05 | H11: ='load-displacament'!N7/'stress-strain (instron)'!$B$4-$F$12 -> 1.0918826 | K11: INITIAL STRESS | L11: =('load-displacament'!V7/'stress-strain (instron)'!$B$5)-$K$9 -> 9.6846154e-05 | M11: ='load-displacament'!W7/'stress-strain (instron)'!$B$4-$K$12 -> 1.0638482 | P11: INITIAL STRESS | Q11: =('load-displacament'!AE7/'stress-strain (instron)'!$B$5)-$P$9 -> 9.6923077e-05 | R11: ='load-displacament'!AF7/'stress-strain (instron)'!$B$4-$P$12 -> 1.0871048 | U11: INITIAL STRESS | V11: =('load-displacament'!AN7/'stress-strain (instron)'!$B$5)-$U$9 -> 9.7e-05 | W11: ='load-displacament'!AO7/'stress-strain (instron)'!$B$4-$U$12 -> 1.0216676 | Z11: INITIAL STRESS | AA11: =('load-displacament'!AX7/'stress-strain (instron)'!$B$5)-$Z$9 -> 9.6923077e-05 | AB11: ='load-displacament'!AY7/'stress-strain (instron)'!$B$4-$Z$12 -> 1.0759498 | AE11: INITIAL STRESS | AF11: =('load-displacament'!BG7/'stress-strain (instron)'!$B$5)-$AE$9 -> 9.6692308e-05 | AG11: ='load-displacament'!BH7/'stress-strain (instron)'!$B$4-$AE$12 -> 1.062005 | AJ11: INITIAL STRESS | AK11: =('load-displacament'!BP7/'stress-strain (instron)'!$B$5)-$AJ$9 -> 9.6923077e-05 | AL11: ='load-displacament'!BQ7/'stress-strain (instron)'!$B$4-$AJ$12 -> 1.0957766 | AO11: INITIAL STRESS | AP11: =('load-displacament'!BY7/'stress-strain (instron)'!$B$5)-$AO$9 -> 9.6692308e-05 | AQ11: ='load-displacament'!BZ7/'stress-strain (instron)'!$B$4-$AO$12 -> 1.025463 | AT11: INITIAL STRESS | AU11: =('load-displacament'!CH7/'stress-strain (instron)'!$B$5)-$AO$9 -> 9.6846154e-05 | AV11: ='load-displacament'!CI7/'stress-strain (instron)'!$B$4-$AT$12 -> 1.1095232 | AY11: INITIAL STRESS | AZ11: =('load-displacament'!CR7/'stress-strain (instron)'!$B$5)-$AY$9 -> 9.6769231e-05 | BA11: ='load-displacament'!CS7/'stress-strain (instron)'!$B$4-$AY$12 -> 1.0834048 | BD11: INITIAL STRESS | BE11: =('load-displacament'!DA7/'stress-strain (instron)'!$B$5)-$BD$9 -> 9.6615385e-05 | BF11: ='load-displacament'!DB7/'stress-strain (instron)'!$B$4-$BD$12 -> 1.0355306 | BI11: INITIAL STRESS | BJ11: =('load-displacament'!DJ7/'stress-strain (instron)'!$B$5)-$BI$9 -> 9.6692308e-05 | BK11: ='load-displacament'!DK7/'stress-strain (instron)'!$B$4-$BI$12 -> 1.016508 | BN11: INITIAL STRESS | BO11: =('load-displacament'!DS7/'stress-strain (instron)'!$B$5)-$BI$9 -> 9.6692308e-05 | BP11: ='load-displacament'!DT7/'stress-strain (instron)'!$B$4-$BN$12 -> 1.070082 | BS11: INITIAL STRESS | BT11: =('load-displacament'!EB7/'stress-strain (instron)'!$B$5)-$BS$9 -> 9.6692308e-05 | BU11: ='load-displacament'!EC7/'stress-strain (instron)'!$B$4-$BS$12 -> 1.0641564
A12: ='load-displacament'!E3/$B$4 -> 0.0011026 | B12: =('load-displacament'!D8/'stress-strain (instron)'!$B$5)-$A$9 -> 0.00012223077 | C12: ='load-displacament'!E8/'stress-strain (instron)'!$B$4-$A$12 -> 1.3415376 | F12: ='load-displacament'!N3/$B$4 -> -0.0033388 | G12: =('load-displacament'!M8/'stress-strain (instron)'!$B$5)-$F$9 -> 0.00012238462 | H12: ='load-displacament'!N8/'stress-strain (instron)'!$B$4-$F$12 -> 1.3781712 | K12: ='load-displacament'!W3/$B$4 -> -0.2375 | L12: =('load-displacament'!V8/'stress-strain (instron)'!$B$5)-$K$9 -> 0.00012253846 | M12: ='load-displacament'!W8/'stress-strain (instron)'!$B$4-$K$12 -> 1.3638398 | P12: ='load-displacament'!AF3/$B$4 -> -0.6074866 | Q12: =('load-displacament'!AE8/'stress-strain (instron)'!$B$5)-$P$9 -> 0.00012238462 | R12: ='load-displacament'!AF8/'stress-strain (instron)'!$B$4-$P$12 -> 1.3800676 | U12: ='load-displacament'!AO3/$B$4 -> -0.0201888 | V12: =('load-displacament'!AN8/'stress-strain (instron)'!$B$5)-$U$9 -> 0.00012238462 | W12: ='load-displacament'!AO8/'stress-strain (instron)'!$B$4-$U$12 -> 1.3162846 | Z12: ='load-displacament'!AY3/$B$4 -> -0.0044352 | AA12: =('load-displacament'!AX8/'stress-strain (instron)'!$B$5)-$Z$9 -> 0.00012253846 | AB12: ='load-displacament'!AY8/'stress-strain (instron)'!$B$4-$Z$12 -> 1.3625962 | AE12: ='load-displacament'!BH3/$B$4 -> -0.0422068 | AF12: =('load-displacament'!BG8/'stress-strain (instron)'!$B$5)-$AE$9 -> 0.00012215385 | AG12: ='load-displacament'!BH8/'stress-strain (instron)'!$B$4-$AE$12 -> 1.3523256 | AJ12: ='load-displacament'!BQ3/$B$4 -> -0.7180466 | AK12: =('load-displacament'!BP8/'stress-strain (instron)'!$B$5)-$AJ$9 -> 0.00012238462 | AL12: ='load-displacament'!BQ8/'stress-strain (instron)'!$B$4-$AJ$12 -> 1.3703104 | AO12: ='load-displacament'!BZ3/$B$4 -> -0.033694 | AP12: =('load-displacament'!BY8/'stress-strain (instron)'!$B$5)-$AO$9 -> 0.00012253846 | AQ12: ='load-displacament'!BZ8/'stress-strain (instron)'!$B$4-$AO$12 -> 1.312699 | AT12: ='load-displacament'!CI3/$B$4 -> -0.0309374 | AU12: =('load-displacament'!CH8/'stress-strain (instron)'!$B$5)-$AO$9 -> 0.00012253846 | AV12: ='load-displacament'!CI8/'stress-strain (instron)'!$B$4-$AT$12 -> 1.4034848 | AY12: ='load-displacament'!CS3/$B$4 -> -0.7842374 | AZ12: =('load-displacament'!CR8/'stress-strain (instron)'!$B$5)-$AY$9 -> 0.00012246154 | BA12: ='load-displacament'!CS8/'stress-strain (instron)'!$B$4-$AY$12 -> 1.3702758 | BD12: ='load-displacament'!DB3/$B$4 -> -0.0391312 | BE12: =('load-displacament'!DA8/'stress-strain (instron)'!$B$5)-$BD$9 -> 0.00012215385 | BF12: ='load-displacament'!DB8/'stress-strain (instron)'!$B$4-$BD$12 -> 1.319636 | BI12: ='load-displacament'!DK3/$B$4 -> -0.0625486 | BJ12: =('load-displacament'!DJ8/'stress-strain (instron)'!$B$5)-$BI$9 -> 0.00012238462 | BK12: ='load-displacament'!DK8/'stress-strain (instron)'!$B$4-$BI$12 -> 1.3010028 | BN12: ='load-displacament'!DT3/$B$4 -> -0.0500462 | BO12: =('load-displacament'!DS8/'stress-strain (instron)'!$B$5)-$BI$9 -> 0.00012230769 | BP12: ='load-displacament'!DT8/'stress-strain (instron)'!$B$4-$BN$12 -> 1.3594106 | BS12: ='load-displacament'!EC3/$B$4 -> -0.0480966 | BT12: =('load-displacament'!EB8/'stress-strain (instron)'!$B$5)-$BS$9 -> 0.00012238462 | BU12: ='load-displacament'!EC8/'stress-strain (instron)'!$B$4-$BS$12 -> 1.3461578
B13: =('load-displacament'!D9/'stress-strain (instron)'!$B$5)-$A$9 -> 0.000148 | C13: ='load-displacament'!E9/'stress-strain (instron)'!$B$4-$A$12 -> 1.6510148 | G13: =('load-displacament'!M9/'stress-strain (instron)'!$B$5)-$F$9 -> 0.00014792308 | H13: ='load-displacament'!N9/'stress-strain (instron)'!$B$4-$F$12 -> 1.6697642 | L13: =('load-displacament'!V9/'stress-strain (instron)'!$B$5)-$K$9 -> 0.00014830769 | M13: ='load-displacament'!W9/'stress-strain (instron)'!$B$4-$K$12 -> 1.6569012 | Q13: =('load-displacament'!AE9/'stress-strain (instron)'!$B$5)-$P$9 -> 0.00014807692 | R13: ='load-displacament'!AF9/'stress-strain (instron)'!$B$4-$P$12 -> 1.675397 | V13: =('load-displacament'!AN9/'stress-strain (instron)'!$B$5)-$U$9 -> 0.00014769231 | W13: ='load-displacament'!AO9/'stress-strain (instron)'!$B$4-$U$12 -> 1.5751442 | AA13: =('load-displacament'!AX9/'stress-strain (instron)'!$B$5)-$Z$9 -> 0.00014807692 | AB13: ='load-displacament'!AY9/'stress-strain (instron)'!$B$4-$Z$12 -> 1.6463954 | AF13: =('load-displacament'!BG9/'stress-strain (instron)'!$B$5)-$AE$9 -> 0.00014838462 | AG13: ='load-displacament'!BH9/'stress-strain (instron)'!$B$4-$AE$12 -> 1.634301 | AK13: =('load-displacament'!BP9/'stress-strain (instron)'!$B$5)-$AJ$9 -> 0.00014807692 | AL13: ='load-displacament'!BQ9/'stress-strain (instron)'!$B$4-$AJ$12 -> 1.65216 | AP13: =('load-displacament'!BY9/'stress-strain (instron)'!$B$5)-$AO$9 -> 0.00014823077 | AQ13: ='load-displacament'!BZ9/'stress-strain (instron)'!$B$4-$AO$12 -> 1.5859482 | AU13: =('load-displacament'!CH9/'stress-strain (instron)'!$B$5)-$AO$9 -> 0.00014838462 | AV13: ='load-displacament'!CI9/'stress-strain (instron)'!$B$4-$AT$12 -> 1.7019724 | AZ13: =('load-displacament'!CR9/'stress-strain (instron)'!$B$5)-$AY$9 -> 0.00014838462 | BA13: ='load-displacament'!CS9/'stress-strain (instron)'!$B$4-$AY$12 -> 1.6462392 | BE13: =('load-displacament'!DA9/'stress-strain (instron)'!$B$5)-$BD$9 -> 0.00014807692 | BF13: ='load-displacament'!DB9/'stress-strain (instron)'!$B$4-$BD$12 -> 1.6035014 | BJ13: =('load-displacament'!DJ9/'stress-strain (instron)'!$B$5)-$BI$9 -> 0.00014838462 | BK13: ='load-displacament'!DK9/'stress-strain (instron)'!$B$4-$BI$12 -> 1.5745572 | BO13: =('load-displacament'!DS9/'stress-strain (instron)'!$B$5)-$BI$9 -> 0.00014807692 | BP13: ='load-displacament'!DT9/'stress-strain (instron)'!$B$4-$BN$12 -> 1.6406046 | BT13: =('load-displacament'!EB9/'stress-strain (instron)'!$B$5)-$BS$9 -> 0.00014838462 | BU13: ='load-displacament'!EC9/'stress-strain (instron)'!$B$4-$BS$12 -> 1.633807
B14: =('load-displacament'!D10/'stress-strain (instron)'!$B$5)-$A$9 -> 0.00017384615 | C14: ='load-displacament'!E10/'stress-strain (instron)'!$B$4-$A$12 -> 1.9255044 | G14: =('load-displacament'!M10/'stress-strain (instron)'!$B$5)-$F$9 -> 0.00017384615 | H14: ='load-displacament'!N10/'stress-strain (instron)'!$B$4-$F$12 -> 1.951564 | L14: =('load-displacament'!V10/'stress-strain (instron)'!$B$5)-$K$9 -> 0.00017376923 | M14: ='load-displacament'!W10/'stress-strain (instron)'!$B$4-$K$12 -> 1.941737 | Q14: =('load-displacament'!AE10/'stress-strain (instron)'!$B$5)-$P$9 -> 0.00017330769 | R14: ='load-displacament'!AF10/'stress-strain (instron)'!$B$4-$P$12 -> 1.9477438 | V14: =('load-displacament'!AN10/'stress-strain (instron)'!$B$5)-$U$9 -> 0.00017384615 | W14: ='load-displacament'!AO10/'stress-strain (instron)'!$B$4-$U$12 -> 1.871781 | AA14: =('load-displacament'!AX10/'stress-strain (instron)'!$B$5)-$Z$9 -> 0.00017376923 | AB14: ='load-displacament'!AY10/'stress-strain (instron)'!$B$4-$Z$12 -> 1.9290526 | AF14: =('load-displacament'!BG10/'stress-strain (instron)'!$B$5)-$AE$9 -> 0.00017384615 | AG14: ='load-displacament'!BH10/'stress-strain (instron)'!$B$4-$AE$12 -> 1.918121 | AK14: =('load-displacament'!BP10/'stress-strain (instron)'!$B$5)-$AJ$9 -> 0.00017407692 | AL14: ='load-displacament'!BQ10/'stress-strain (instron)'!$B$4-$AJ$12 -> 1.9406518 | AP14: =('load-displacament'!BY10/'stress-strain (instron)'!$B$5)-$AO$9 -> 0.00017392308 | AQ14: ='load-displacament'!BZ10/'stress-strain (instron)'!$B$4-$AO$12 -> 1.864456 | AU14: =('load-displacament'!CH10/'stress-strain (instron)'!$B$5)-$AO$9 -> 0.00017369231 | AV14: ='load-displacament'!CI10/'stress-strain (instron)'!$B$4-$AT$12 -> 1.9800572 | AZ14: =('load-displacament'!CR10/'stress-strain (instron)'!$B$5)-$AY$9 -> 0.00017392308 | BA14: ='load-displacament'!CS10/'stress-strain (instron)'!$B$4-$AY$12 -> 1.9005044 | BE14: =('load-displacament'!DA10/'stress-strain (instron)'!$B$5)-$BD$9 -> 0.00017392308 | BF14: ='load-displacament'!DB10/'stress-strain (instron)'!$B$4-$BD$12 -> 1.8654968 | BJ14: =('load-displacament'!DJ10/'stress-strain (instron)'!$B$5)-$BI$9 -> 0.00017392308 | BK14: ='load-displacament'!DK10/'stress-strain (instron)'!$B$4-$BI$12 -> 1.8313614 | BO14: =('load-displacament'!DS10/'stress-strain (instron)'!$B$5)-$BI$9 -> 0.000174 | BP14: ='load-displacament'!DT10/'stress-strain (instron)'!$B$4-$BN$12 -> 1.9044916 | BT14: =('load-displacament'!EB10/'stress-strain (instron)'!$B$5)-$BS$9 -> 0.00017392308 | BU14: ='load-displacament'!EC10/'stress-strain (instron)'!$B$4-$BS$12 -> 1.9089916
B15: =('load-displacament'!D11/'stress-strain (instron)'!$B$5)-$A$9 -> 0.00019907692 | C15: ='load-displacament'!E11/'stress-strain (instron)'!$B$4-$A$12 -> 2.2141984 | G15: =('load-displacament'!M11/'stress-strain (instron)'!$B$5)-$F$9 -> 0.00019938462 | H15: ='load-displacament'!N11/'stress-strain (instron)'!$B$4-$F$12 -> 2.240877 | L15: =('load-displacament'!V11/'stress-strain (instron)'!$B$5)-$K$9 -> 0.000199 | M15: ='load-displacament'!W11/'stress-strain (instron)'!$B$4-$K$12 -> 2.2267614 | Q15: =('load-displacament'!AE11/'stress-strain (instron)'!$B$5)-$P$9 -> 0.00019930769 | R15: ='load-displacament'!AF11/'stress-strain (instron)'!$B$4-$P$12 -> 2.2286956 | V15: =('load-displacament'!AN11/'stress-strain (instron)'!$B$5)-$U$9 -> 0.00019961538 | W15: ='load-displacament'!AO11/'stress-strain (instron)'!$B$4-$U$12 -> 2.153486 | AA15: =('load-displacament'!AX11/'stress-strain (instron)'!$B$5)-$Z$9 -> 0.00019923077 | AB15: ='load-displacament'!AY11/'stress-strain (instron)'!$B$4-$Z$12 -> 2.2129966 | AF15: =('load-displacament'!BG11/'stress-strain (instron)'!$B$5)-$AE$9 -> 0.00019930769 | AG15: ='load-displacament'!BH11/'stress-strain (instron)'!$B$4-$AE$12 -> 2.171092 | AK15: =('load-displacament'!BP11/'stress-strain (instron)'!$B$5)-$AJ$9 -> 0.00019953846 | AL15: ='load-displacament'!BQ11/'stress-strain (instron)'!$B$4-$AJ$12 -> 2.208672 | AP15: =('load-displacament'!BY11/'stress-strain (instron)'!$B$5)-$AO$9 -> 0.00019946154 | AQ15: ='load-displacament'!BZ11/'stress-strain (instron)'!$B$4-$AO$12 -> 2.1277358 | AU15: =('load-displacament'!CH11/'stress-strain (instron)'!$B$5)-$AO$9 -> 0.00019953846 | AV15: ='load-displacament'!CI11/'stress-strain (instron)'!$B$4-$AT$12 -> 2.256541 | AZ15: =('load-displacament'!CR11/'stress-strain (instron)'!$B$5)-$AY$9 -> 0.00019953846 | BA15: ='load-displacament'!CS11/'stress-strain (instron)'!$B$4-$AY$12 -> 2.1666064 | BE15: =('load-displacament'!DA11/'stress-strain (instron)'!$B$5)-$BD$9 -> 0.00019946154 | BF15: ='load-displacament'!DB11/'stress-strain (instron)'!$B$4-$BD$12 -> 2.1449016 | BJ15: =('load-displacament'!DJ11/'stress-strain (instron)'!$B$5)-$BI$9 -> 0.00019946154 | BK15: ='load-displacament'!DK11/'stress-strain (instron)'!$B$4-$BI$12 -> 2.1121698 | BO15: =('load-displacament'!DS11/'stress-strain (instron)'!$B$5)-$BI$9 -> 0.00019953846 | BP15: ='load-displacament'!DT11/'stress-strain (instron)'!$B$4-$BN$12 -> 2.1692972 | BT15: =('load-displacament'!EB11/'stress-strain (instron)'!$B$5)-$BS$9 -> 0.00019946154 | BU15: ='load-displacament'!EC11/'stress-strain (instron)'!$B$4-$BS$12 -> 2.1735874
B16: =('load-displacament'!D12/'stress-strain (instron)'!$B$5)-$A$9 -> 0.00022507692 | C16: ='load-displacament'!E12/'stress-strain (instron)'!$B$4-$A$12 -> 2.5005236 | G16: =('load-displacament'!M12/'stress-strain (instron)'!$B$5)-$F$9 -> 0.00022507692 | H16: ='load-displacament'!N12/'stress-strain (instron)'!$B$4-$F$12 -> 2.5267038 | L16: =('load-displacament'!V12/'stress-strain (instron)'!$B$5)-$K$9 -> 0.00022484615 | M16: ='load-displacament'!W12/'stress-strain (instron)'!$B$4-$K$12 -> 2.5033654 | Q16: =('load-displacament'!AE12/'stress-strain (instron)'!$B$5)-$P$9 -> 0.00022515385 | R16: ='load-displacament'!AF12/'stress-strain (instron)'!$B$4-$P$12 -> 2.5163324 | V16: =('load-displacament'!AN12/'stress-strain (instron)'!$B$5)-$U$9 -> 0.00022492308 | W16: ='load-displacament'!AO12/'stress-strain (instron)'!$B$4-$U$12 -> 2.4141464 | AA16: =('load-displacament'!AX12/'stress-strain (instron)'!$B$5)-$Z$9 -> 0.00022484615 | AB16: ='load-displacament'!AY12/'stress-strain (instron)'!$B$4-$Z$12 -> 2.4822186 | AF16: =('load-displacament'!BG12/'stress-strain (instron)'!$B$5)-$AE$9 -> 0.00022507692 | AG16: ='load-displacament'!BH12/'stress-strain (instron)'!$B$4-$AE$12 -> 2.4325822 | AK16: =('load-displacament'!BP12/'stress-strain (instron)'!$B$5)-$AJ$9 -> 0.00022453846 | AL16: ='load-displacament'!BQ12/'stress-strain (instron)'!$B$4-$AJ$12 -> 2.4658224 | AP16: =('load-displacament'!BY12/'stress-strain (instron)'!$B$5)-$AO$9 -> 0.00022515385 | AQ16: ='load-displacament'!BZ12/'stress-strain (instron)'!$B$4-$AO$12 -> 2.3807802 | AU16: =('load-displacament'!CH12/'stress-strain (instron)'!$B$5)-$AO$9 -> 0.00022492308 | AV16: ='load-displacament'!CI12/'stress-strain (instron)'!$B$4-$AT$12 -> 2.5264868 | AZ16: =('load-displacament'!CR12/'stress-strain (instron)'!$B$5)-$AY$9 -> 0.00022507692 | BA16: ='load-displacament'!CS12/'stress-strain (instron)'!$B$4-$AY$12 -> 2.4141834 | BE16: =('load-displacament'!DA12/'stress-strain (instron)'!$B$5)-$BD$9 -> 0.00022515385 | BF16: ='load-displacament'!DB12/'stress-strain (instron)'!$B$4-$BD$12 -> 2.3923574 | BJ16: =('load-displacament'!DJ12/'stress-strain (instron)'!$B$5)-$BI$9 -> 0.00022507692 | BK16: ='load-displacament'!DK12/'stress-strain (instron)'!$B$4-$BI$12 -> 2.3606926 | BO16: =('load-displacament'!DS12/'stress-strain (instron)'!$B$5)-$BI$9 -> 0.00022515385 | BP16: ='load-displacament'!DT12/'stress-strain (instron)'!$B$4-$BN$12 -> 2.4351086 | BT16: =('load-displacament'!EB12/'stress-strain (instron)'!$B$5)-$BS$9 -> 0.000225 | BU16: ='load-displacament'!EC12/'stress-strain (instron)'!$B$4-$BS$12 -> 2.4202274
B17: =('load-displacament'!D13/'stress-strain (instron)'!$B$5)-$A$9 -> 0.00025092308 | C17: ='load-displacament'!E13/'stress-strain (instron)'!$B$4-$A$12 -> 2.797807 | G17: =('load-displacament'!M13/'stress-strain (instron)'!$B$5)-$F$9 -> 0.000251 | H17: ='load-displacament'!N13/'stress-strain (instron)'!$B$4-$F$12 -> 2.8053304 | L17: =('load-displacament'!V13/'stress-strain (instron)'!$B$5)-$K$9 -> 0.00025030769 | M17: ='load-displacament'!W13/'stress-strain (instron)'!$B$4-$K$12 -> 2.7869738 | Q17: =('load-displacament'!AE13/'stress-strain (instron)'!$B$5)-$P$9 -> 0.00025061538 | R17: ='load-displacament'!AF13/'stress-strain (instron)'!$B$4-$P$12 -> 2.7823802 | V17: =('load-displacament'!AN13/'stress-strain (instron)'!$B$5)-$U$9 -> 0.00025092308 | W17: ='load-displacament'!AO13/'stress-strain (instron)'!$B$4-$U$12 -> 2.6751794 | AA17: =('load-displacament'!AX13/'stress-strain (instron)'!$B$5)-$Z$9 -> 0.00025076923 | AB17: ='load-displacament'!AY13/'stress-strain (instron)'!$B$4-$Z$12 -> 2.764845 | AF17: =('load-displacament'!BG13/'stress-strain (instron)'!$B$5)-$AE$9 -> 0.00025076923 | AG17: ='load-displacament'!BH13/'stress-strain (instron)'!$B$4-$AE$12 -> 2.6921634 | AK17: =('load-displacament'!BP13/'stress-strain (instron)'!$B$5)-$AJ$9 -> 0.00025053846 | AL17: ='load-displacament'!BQ13/'stress-strain (instron)'!$B$4-$AJ$12 -> 2.7301054 | AP17: =('load-displacament'!BY13/'stress-strain (instron)'!$B$5)-$AO$9 -> 0.00025076923 | AQ17: ='load-displacament'!BZ13/'stress-strain (instron)'!$B$4-$AO$12 -> 2.633543 | AU17: =('load-displacament'!CH13/'stress-strain (instron)'!$B$5)-$AO$9 -> 0.00025061538 | AV17: ='load-displacament'!CI13/'stress-strain (instron)'!$B$4-$AT$12 -> 2.7894198 | AZ17: =('load-displacament'!CR13/'stress-strain (instron)'!$B$5)-$AY$9 -> 0.00025053846 | BA17: ='load-displacament'!CS13/'stress-strain (instron)'!$B$4-$AY$12 -> 2.6385836 | BE17: =('load-displacament'!DA13/'stress-strain (instron)'!$B$5)-$BD$9 -> 0.00025061538 | BF17: ='load-displacament'!DB13/'stress-strain (instron)'!$B$4-$BD$12 -> 2.638251 | BJ17: =('load-displacament'!DJ13/'stress-strain (instron)'!$B$5)-$BI$9 -> 0.00025046154 | BK17: ='load-displacament'!DK13/'stress-strain (instron)'!$B$4-$BI$12 -> 2.6003816 | BO17: =('load-displacament'!DS13/'stress-strain (instron)'!$B$5)-$BI$9 -> 0.00025069231 | BP17: ='load-displacament'!DT13/'stress-strain (instron)'!$B$4-$BN$12 -> 2.6677632 | BT17: =('load-displacament'!EB13/'stress-strain (instron)'!$B$5)-$BS$9 -> 0.00025053846 | BU17: ='load-displacament'!EC13/'stress-strain (instron)'!$B$4-$BS$12 -> 2.6706696
B18: =('load-displacament'!D14/'stress-strain (instron)'!$B$5)-$A$9 -> 0.00027630769 | C18: ='load-displacament'!E14/'stress-strain (instron)'!$B$4-$A$12 -> 3.0734684 | G18: =('load-displacament'!M14/'stress-strain (instron)'!$B$5)-$F$9 -> 0.00027638462 | H18: ='load-displacament'!N14/'stress-strain (instron)'!$B$4-$F$12 -> 3.0710692 | L18: =('load-displacament'!V14/'stress-strain (instron)'!$B$5)-$K$9 -> 0.00027630769 | M18: ='load-displacament'!W14/'stress-strain (instron)'!$B$4-$K$12 -> 3.0496952 | Q18: =('load-displacament'!AE14/'stress-strain (instron)'!$B$5)-$P$9 -> 0.00027638462 | R18: ='load-displacament'!AF14/'stress-strain (instron)'!$B$4-$P$12 -> 3.041561 | V18: =('load-displacament'!AN14/'stress-strain (instron)'!$B$5)-$U$9 -> 0.00027638462 | W18: ='load-displacament'!AO14/'stress-strain (instron)'!$B$4-$U$12 -> 2.941678 | AA18: =('load-displacament'!AX14/'stress-strain (instron)'!$B$5)-$Z$9 -> 0.00027638462 | AB18: ='load-displacament'!AY14/'stress-strain (instron)'!$B$4-$Z$12 -> 3.030442 | AF18: =('load-displacament'!BG14/'stress-strain (instron)'!$B$5)-$AE$9 -> 0.00027592308 | AG18: ='load-displacament'!BH14/'stress-strain (instron)'!$B$4-$AE$12 -> 2.9139652 | AK18: =('load-displacament'!BP14/'stress-strain (instron)'!$B$5)-$AJ$9 -> 0.00027615385 | AL18: ='load-displacament'!BQ14/'stress-strain (instron)'!$B$4-$AJ$12 -> 2.9755116 | AP18: =('load-displacament'!BY14/'stress-strain (instron)'!$B$5)-$AO$9 -> 0.00027623077 | AQ18: ='load-displacament'!BZ14/'stress-strain (instron)'!$B$4-$AO$12 -> 2.8805166 | AU18: =('load-displacament'!CH14/'stress-strain (instron)'!$B$5)-$AO$9 -> 0.00027623077 | AV18: ='load-displacament'!CI14/'stress-strain (instron)'!$B$4-$AT$12 -> 3.0297502 | AZ18: =('load-displacament'!CR14/'stress-strain (instron)'!$B$5)-$AY$9 -> 0.00027615385 | BA18: ='load-displacament'!CS14/'stress-strain (instron)'!$B$4-$AY$12 -> 2.8701376 | BE18: =('load-displacament'!DA14/'stress-strain (instron)'!$B$5)-$BD$9 -> 0.00027607692 | BF18: ='load-displacament'!DB14/'stress-strain (instron)'!$B$4-$BD$12 -> 2.8749018 | BJ18: =('load-displacament'!DJ14/'stress-strain (instron)'!$B$5)-$BI$9 -> 0.00027615385 | BK18: ='load-displacament'!DK14/'stress-strain (instron)'!$B$4-$BI$12 -> 2.8437192 | BO18: =('load-displacament'!DS14/'stress-strain (instron)'!$B$5)-$BI$9 -> 0.00027615385 | BP18: ='load-displacament'!DT14/'stress-strain (instron)'!$B$4-$BN$12 -> 2.9087306 | BT18: =('load-displacament'!EB14/'stress-strain (instron)'!$B$5)-$BS$9 -> 0.00027615385 | BU18: ='load-displacament'!EC14/'stress-strain (instron)'!$B$4-$BS$12 -> 2.9139446
B19: =('load-displacament'!D15/'stress-strain (instron)'!$B$5)-$A$9 -> 0.00030176923 | C19: ='load-displacament'!E15/'stress-strain (instron)'!$B$4-$A$12 -> 3.3565426 | G19: =('load-displacament'!M15/'stress-strain (instron)'!$B$5)-$F$9 -> 0.00030169231 | H19: ='load-displacament'!N15/'stress-strain (instron)'!$B$4-$F$12 -> 3.3118986 | L19: =('load-displacament'!V15/'stress-strain (instron)'!$B$5)-$K$9 -> 0.00030238462 | M19: ='load-displacament'!W15/'stress-strain (instron)'!$B$4-$K$12 -> 3.298707 | Q19: =('load-displacament'!AE15/'stress-strain (instron)'!$B$5)-$P$9 -> 0.00030223077 | R19: ='load-displacament'!AF15/'stress-strain (instron)'!$B$4-$P$12 -> 3.2970624 | V19: =('load-displacament'!AN15/'stress-strain (instron)'!$B$5)-$U$9 -> 0.00030146154 | W19: ='load-displacament'!AO15/'stress-strain (instron)'!$B$4-$U$12 -> 3.1727212 | AA19: =('load-displacament'!AX15/'stress-strain (instron)'!$B$5)-$Z$9 -> 0.00030169231 | AB19: ='load-displacament'!AY15/'stress-strain (instron)'!$B$4-$Z$12 -> 3.2831584 | AF19: =('load-displacament'!BG15/'stress-strain (instron)'!$B$5)-$AE$9 -> 0.00030176923 | AG19: ='load-displacament'!BH15/'stress-strain (instron)'!$B$4-$AE$12 -> 3.1559718 | AK19: =('load-displacament'!BP15/'stress-strain (instron)'!$B$5)-$AJ$9 -> 0.00030161538 | AL19: ='load-displacament'!BQ15/'stress-strain (instron)'!$B$4-$AJ$12 -> 3.2095574 | AP19: =('load-displacament'!BY15/'stress-strain (instron)'!$B$5)-$AO$9 -> 0.00030176923 | AQ19: ='load-displacament'!BZ15/'stress-strain (instron)'!$B$4-$AO$12 -> 3.1041344 | AU19: =('load-displacament'!CH15/'stress-strain (instron)'!$B$5)-$AO$9 -> 0.000302 | AV19: ='load-displacament'!CI15/'stress-strain (instron)'!$B$4-$AT$12 -> 3.2725426 | AZ19: =('load-displacament'!CR15/'stress-strain (instron)'!$B$5)-$AY$9 -> 0.000302 | BA19: ='load-displacament'!CS15/'stress-strain (instron)'!$B$4-$AY$12 -> 3.0980488 | BE19: =('load-displacament'!DA15/'stress-strain (instron)'!$B$5)-$BD$9 -> 0.00030176923 | BF19: ='load-displacament'!DB15/'stress-strain (instron)'!$B$4-$BD$12 -> 3.101611 | BJ19: =('load-displacament'!DJ15/'stress-strain (instron)'!$B$5)-$BI$9 -> 0.000302 | BK19: ='load-displacament'!DK15/'stress-strain (instron)'!$B$4-$BI$12 -> 3.0713962 | BO19: =('load-displacament'!DS15/'stress-strain (instron)'!$B$5)-$BI$9 -> 0.00030184615 | BP19: ='load-displacament'!DT15/'stress-strain (instron)'!$B$4-$BN$12 -> 3.164406 | BT19: =('load-displacament'!EB15/'stress-strain (instron)'!$B$5)-$BS$9 -> 0.000302 | BU19: ='load-displacament'!EC15/'stress-strain (instron)'!$B$4-$BS$12 -> 3.1548398
B20: =('load-displacament'!D16/'stress-strain (instron)'!$B$5)-$A$9 -> 0.00032746154 | C20: ='load-displacament'!E16/'stress-strain (instron)'!$B$4-$A$12 -> 3.623514 | G20: =('load-displacament'!M16/'stress-strain (instron)'!$B$5)-$F$9 -> 0.00032753846 | H20: ='load-displacament'!N16/'stress-strain (instron)'!$B$4-$F$12 -> 3.5601304 | L20: =('load-displacament'!V16/'stress-strain (instron)'!$B$5)-$K$9 -> 0.00032761538 | M20: ='load-displacament'!W16/'stress-strain (instron)'!$B$4-$K$12 -> 3.5437452 | Q20: =('load-displacament'!AE16/'stress-strain (instron)'!$B$5)-$P$9 -> 0.00032769231 | R20: ='load-displacament'!AF16/'stress-strain (instron)'!$B$4-$P$12 -> 3.5254734 | V20: =('load-displacament'!AN16/'stress-strain (instron)'!$B$5)-$U$9 -> 0.00032746154 | W20: ='load-displacament'!AO16/'stress-strain (instron)'!$B$4-$U$12 -> 3.4243236 | AA20: =('load-displacament'!AX16/'stress-strain (instron)'!$B$5)-$Z$9 -> 0.00032746154 | AB20: ='load-displacament'!AY16/'stress-strain (instron)'!$B$4-$Z$12 -> 3.5158268 | AF20: =('load-displacament'!BG16/'stress-strain (instron)'!$B$5)-$AE$9 -> 0.00032761538 | AG20: ='load-displacament'!BH16/'stress-strain (instron)'!$B$4-$AE$12 -> 3.3819446 | AK20: =('load-displacament'!BP16/'stress-strain (instron)'!$B$5)-$AJ$9 -> 0.00032776923 | AL20: ='load-displacament'!BQ16/'stress-strain (instron)'!$B$4-$AJ$12 -> 3.4609232 | AP20: =('load-displacament'!BY16/'stress-strain (instron)'!$B$5)-$AO$9 -> 0.00032746154 | AQ20: ='load-displacament'!BZ16/'stress-strain (instron)'!$B$4-$AO$12 -> 3.324992 | AU20: =('load-displacament'!CH16/'stress-strain (instron)'!$B$5)-$AO$9 -> 0.00032769231 | AV20: ='load-displacament'!CI16/'stress-strain (instron)'!$B$4-$AT$12 -> 3.5094262 | AZ20: =('load-displacament'!CR16/'stress-strain (instron)'!$B$5)-$AY$9 -> 0.00032753846 | BA20: ='load-displacament'!CS16/'stress-strain (instron)'!$B$4-$AY$12 -> 3.3084326 | BE20: =('load-displacament'!DA16/'stress-strain (instron)'!$B$5)-$BD$9 -> 0.00032746154 | BF20: ='load-displacament'!DB16/'stress-strain (instron)'!$B$4-$BD$12 -> 3.3238578 | BJ20: =('load-displacament'!DJ16/'stress-strain (instron)'!$B$5)-$BI$9 -> 0.00032753846 | BK20: ='load-displacament'!DK16/'stress-strain (instron)'!$B$4-$BI$12 -> 3.3034468 | BO20: =('load-displacament'!DS16/'stress-strain (instron)'!$B$5)-$BI$9 -> 0.00032753846 | BP20: ='load-displacament'!DT16/'stress-strain (instron)'!$B$4-$BN$12 -> 3.37007 | BT20: =('load-displacament'!EB16/'stress-strain (instron)'!$B$5)-$BS$9 -> 0.00032746154 | BU20: ='load-displacament'!EC16/'stress-strain (instron)'!$B$4-$BS$12 -> 3.3843688
B21: =('load-displacament'!D17/'stress-strain (instron)'!$B$5)-$A$9 -> 0.000353 | C21: ='load-displacament'!E17/'stress-strain (instron)'!$B$4-$A$12 -> 3.8675116 | G21: =('load-displacament'!M17/'stress-strain (instron)'!$B$5)-$F$9 -> 0.00035330769 | H21: ='load-displacament'!N17/'stress-strain (instron)'!$B$4-$F$12 -> 3.7923034 | L21: =('load-displacament'!V17/'stress-strain (instron)'!$B$5)-$K$9 -> 0.00035330769 | M21: ='load-displacament'!W17/'stress-strain (instron)'!$B$4-$K$12 -> 3.7648172 | Q21: =('load-displacament'!AE17/'stress-strain (instron)'!$B$5)-$P$9 -> 0.00035323077 | R21: ='load-displacament'!AF17/'stress-strain (instron)'!$B$4-$P$12 -> 3.7384388 | V21: =('load-displacament'!AN17/'stress-strain (instron)'!$B$5)-$U$9 -> 0.00035315385 | W21: ='load-displacament'!AO17/'stress-strain (instron)'!$B$4-$U$12 -> 3.6625686 | AA21: =('load-displacament'!AX17/'stress-strain (instron)'!$B$5)-$Z$9 -> 0.00035330769 | AB21: ='load-displacament'!AY17/'stress-strain (instron)'!$B$4-$Z$12 -> 3.7566868 | AF21: =('load-displacament'!BG17/'stress-strain (instron)'!$B$5)-$AE$9 -> 0.00035330769 | AG21: ='load-displacament'!BH17/'stress-strain (instron)'!$B$4-$AE$12 -> 3.610934 | AK21: =('load-displacament'!BP17/'stress-strain (instron)'!$B$5)-$AJ$9 -> 0.00035338462 | AL21: ='load-displacament'!BQ17/'stress-strain (instron)'!$B$4-$AJ$12 -> 3.6790152 | AP21: =('load-displacament'!BY17/'stress-strain (instron)'!$B$5)-$AO$9 -> 0.00035338462 | AQ21: ='load-displacament'!BZ17/'stress-strain (instron)'!$B$4-$AO$12 -> 3.5459826 | AU21: =('load-displacament'!CH17/'stress-strain (instron)'!$B$5)-$AO$9 -> 0.00035323077 | AV21: ='load-displacament'!CI17/'stress-strain (instron)'!$B$4-$AT$12 -> 3.7361514 | AZ21: =('load-displacament'!CR17/'stress-strain (instron)'!$B$5)-$AY$9 -> 0.00035315385 | BA21: ='load-displacament'!CS17/'stress-strain (instron)'!$B$4-$AY$12 -> 3.5280198 | BE21: =('load-displacament'!DA17/'stress-strain (instron)'!$B$5)-$BD$9 -> 0.00035292308 | BF21: ='load-displacament'!DB17/'stress-strain (instron)'!$B$4-$BD$12 -> 3.5412042 | BJ21: =('load-displacament'!DJ17/'stress-strain (instron)'!$B$5)-$BI$9 -> 0.00035315385 | BK21: ='load-displacament'!DK17/'stress-strain (instron)'!$B$4-$BI$12 -> 3.5232016 | BO21: =('load-displacament'!DS17/'stress-strain (instron)'!$B$5)-$BI$9 -> 0.00035292308 | BP21: ='load-displacament'!DT17/'stress-strain (instron)'!$B$4-$BN$12 -> 3.5963356 | BT21: =('load-displacament'!EB17/'stress-strain (instron)'!$B$5)-$BS$9 -> 0.00035315385 | BU21: ='load-displacament'!EC17/'stress-strain (instron)'!$B$4-$BS$12 -> 3.6027072
B22: =('load-displacament'!D18/'stress-strain (instron)'!$B$5)-$A$9 -> 0.00037869231 | C22: ='load-displacament'!E18/'stress-strain (instron)'!$B$4-$A$12 -> 4.137515 | G22: =('load-displacament'!M18/'stress-strain (instron)'!$B$5)-$F$9 -> 0.00037869231 | H22: ='load-displacament'!N18/'stress-strain (instron)'!$B$4-$F$12 -> 4.0086 | L22: =('load-displacament'!V18/'stress-strain (instron)'!$B$5)-$K$9 -> 0.00037923077 | M22: ='load-displacament'!W18/'stress-strain (instron)'!$B$4-$K$12 -> 3.9993426 | Q22: =('load-displacament'!AE18/'stress-strain (instron)'!$B$5)-$P$9 -> 0.000379 | R22: ='load-displacament'!AF18/'stress-strain (instron)'!$B$4-$P$12 -> 3.9567648 | V22: =('load-displacament'!AN18/'stress-strain (instron)'!$B$5)-$U$9 -> 0.00037884615 | W22: ='load-displacament'!AO18/'stress-strain (instron)'!$B$4-$U$12 -> 3.8768838 | AA22: =('load-displacament'!AX18/'stress-strain (instron)'!$B$5)-$Z$9 -> 0.00037861538 | AB22: ='load-displacament'!AY18/'stress-strain (instron)'!$B$4-$Z$12 -> 3.968628 | AF22: =('load-displacament'!BG18/'stress-strain (instron)'!$B$5)-$AE$9 -> 0.00037907692 | AG22: ='load-displacament'!BH18/'stress-strain (instron)'!$B$4-$AE$12 -> 3.8120634 | AK22: =('load-displacament'!BP18/'stress-strain (instron)'!$B$5)-$AJ$9 -> 0.00037892308 | AL22: ='load-displacament'!BQ18/'stress-strain (instron)'!$B$4-$AJ$12 -> 3.9014148 | AP22: =('load-displacament'!BY18/'stress-strain (instron)'!$B$5)-$AO$9 -> 0.00037892308 | AQ22: ='load-displacament'!BZ18/'stress-strain (instron)'!$B$4-$AO$12 -> 3.7472804 | AU22: =('load-displacament'!CH18/'stress-strain (instron)'!$B$5)-$AO$9 -> 0.00037876923 | AV22: ='load-displacament'!CI18/'stress-strain (instron)'!$B$4-$AT$12 -> 3.9542578 | AZ22: =('load-displacament'!CR18/'stress-strain (instron)'!$B$5)-$AY$9 -> 0.00037923077 | BA22: ='load-displacament'!CS18/'stress-strain (instron)'!$B$4-$AY$12 -> 3.7447184 | BE22: =('load-displacament'!DA18/'stress-strain (instron)'!$B$5)-$BD$9 -> 0.00037884615 | BF22: ='load-displacament'!DB18/'stress-strain (instron)'!$B$4-$BD$12 -> 3.7625492 | BJ22: =('load-displacament'!DJ18/'stress-strain (instron)'!$B$5)-$BI$9 -> 0.00037915385 | BK22: ='load-displacament'!DK18/'stress-strain (instron)'!$B$4-$BI$12 -> 3.7297254 | BO22: =('load-displacament'!DS18/'stress-strain (instron)'!$B$5)-$BI$9 -> 0.00037892308 | BP22: ='load-displacament'!DT18/'stress-strain (instron)'!$B$4-$BN$12 -> 3.8065236 | BT22: =('load-displacament'!EB18/'stress-strain (instron)'!$B$5)-$BS$9 -> 0.00037915385 | BU22: ='load-displacament'!EC18/'stress-strain (instron)'!$B$4-$BS$12 -> 3.8308556
B23: =('load-displacament'!D19/'stress-strain (instron)'!$B$5)-$A$9 -> 0.00040453846 | C23: ='load-displacament'!E19/'stress-strain (instron)'!$B$4-$A$12 -> 4.3709952 | G23: =('load-displacament'!M19/'stress-strain (instron)'!$B$5)-$F$9 -> 0.00040461538 | H23: ='load-displacament'!N19/'stress-strain (instron)'!$B$4-$F$12 -> 4.2470524 | L23: =('load-displacament'!V19/'stress-strain (instron)'!$B$5)-$K$9 -> 0.00040430769 | M23: ='load-displacament'!W19/'stress-strain (instron)'!$B$4-$K$12 -> 4.2170362 | Q23: =('load-displacament'!AE19/'stress-strain (instron)'!$B$5)-$P$9 -> 0.00040438462 | R23: ='load-displacament'!AF19/'stress-strain (instron)'!$B$4-$P$12 -> 4.1685136 | V23: =('load-displacament'!AN19/'stress-strain (instron)'!$B$5)-$U$9 -> 0.00040476923 | W23: ='load-displacament'!AO19/'stress-strain (instron)'!$B$4-$U$12 -> 4.0958162 | AA23: =('load-displacament'!AX19/'stress-strain (instron)'!$B$5)-$Z$9 -> 0.00040438462 | AB23: ='load-displacament'!AY19/'stress-strain (instron)'!$B$4-$Z$12 -> 4.186772 | AF23: =('load-displacament'!BG19/'stress-strain (instron)'!$B$5)-$AE$9 -> 0.00040476923 | AG23: ='load-displacament'!BH19/'stress-strain (instron)'!$B$4-$AE$12 -> 4.0357036 | AK23: =('load-displacament'!BP19/'stress-strain (instron)'!$B$5)-$AJ$9 -> 0.00040476923 | AL23: ='load-displacament'!BQ19/'stress-strain (instron)'!$B$4-$AJ$12 -> 4.1154816 | AP23: =('load-displacament'!BY19/'stress-strain (instron)'!$B$5)-$AO$9 -> 0.00040453846 | AQ23: ='load-displacament'!BZ19/'stress-strain (instron)'!$B$4-$AO$12 -> 3.9545986 | AU23: =('load-displacament'!CH19/'stress-strain (instron)'!$B$5)-$AO$9 -> 0.00040438462 | AV23: ='load-displacament'!CI19/'stress-strain (instron)'!$B$4-$AT$12 -> 4.1770738 | AZ23: =('load-displacament'!CR19/'stress-strain (instron)'!$B$5)-$AY$9 -> 0.00040461538 | BA23: ='load-displacament'!CS19/'stress-strain (instron)'!$B$4-$AY$12 -> 3.9579648 | BE23: =('load-displacament'!DA19/'stress-strain (instron)'!$B$5)-$BD$9 -> 0.00040476923 | BF23: ='load-displacament'!DB19/'stress-strain (instron)'!$B$4-$BD$12 -> 3.9820942 | BJ23: =('load-displacament'!DJ19/'stress-strain (instron)'!$B$5)-$BI$9 -> 0.00040453846 | BK23: ='load-displacament'!DK19/'stress-strain (instron)'!$B$4-$BI$12 -> 3.9572034 | BO23: =('load-displacament'!DS19/'stress-strain (instron)'!$B$5)-$BI$9 -> 0.00040484615 | BP23: ='load-displacament'!DT19/'stress-strain (instron)'!$B$4-$BN$12 -> 4.0295508 | BT23: =('load-displacament'!EB19/'stress-strain (instron)'!$B$5)-$BS$9 -> 0.00040461538 | BU23: ='load-displacament'!EC19/'stress-strain (instron)'!$B$4-$BS$12 -> 4.047478
B24: =('load-displacament'!D20/'stress-strain (instron)'!$B$5)-$A$9 -> 0.00043015385 | C24: ='load-displacament'!E20/'stress-strain (instron)'!$B$4-$A$12 -> 4.6181756 | G24: =('load-displacament'!M20/'stress-strain (instron)'!$B$5)-$F$9 -> 0.00043030769 | H24: ='load-displacament'!N20/'stress-strain (instron)'!$B$4-$F$12 -> 4.4517048 | L24: =('load-displacament'!V20/'stress-strain (instron)'!$B$5)-$K$9 -> 0.00042976923 | M24: ='load-displacament'!W20/'stress-strain (instron)'!$B$4-$K$12 -> 4.433462 | Q24: =('load-displacament'!AE20/'stress-strain (instron)'!$B$5)-$P$9 -> 0.00043007692 | R24: ='load-displacament'!AF20/'stress-strain (instron)'!$B$4-$P$12 -> 4.38895 | V24: =('load-displacament'!AN20/'stress-strain (instron)'!$B$5)-$U$9 -> 0.00043053846 | W24: ='load-displacament'!AO20/'stress-strain (instron)'!$B$4-$U$12 -> 4.292073 | AA24: =('load-displacament'!AX20/'stress-strain (instron)'!$B$5)-$Z$9 -> 0.00043023077 | AB24: ='load-displacament'!AY20/'stress-strain (instron)'!$B$4-$Z$12 -> 4.408806 | AF24: =('load-displacament'!BG20/'stress-strain (instron)'!$B$5)-$AE$9 -> 0.00043007692 | AG24: ='load-displacament'!BH20/'stress-strain (instron)'!$B$4-$AE$12 -> 4.241207 | AK24: =('load-displacament'!BP20/'stress-strain (instron)'!$B$5)-$AJ$9 -> 0.00043007692 | AL24: ='load-displacament'!BQ20/'stress-strain (instron)'!$B$4-$AJ$12 -> 4.3347384 | AP24: =('load-displacament'!BY20/'stress-strain (instron)'!$B$5)-$AO$9 -> 0.00043007692 | AQ24: ='load-displacament'!BZ20/'stress-strain (instron)'!$B$4-$AO$12 -> 4.1745118 | AU24: =('load-displacament'!CH20/'stress-strain (instron)'!$B$5)-$AO$9 -> 0.00043 | AV24: ='load-displacament'!CI20/'stress-strain (instron)'!$B$4-$AT$12 -> 4.4052844 | AZ24: =('load-displacament'!CR20/'stress-strain (instron)'!$B$5)-$AY$9 -> 0.00042976923 | BA24: ='load-displacament'!CS20/'stress-strain (instron)'!$B$4-$AY$12 -> 4.1556016 | BE24: =('load-displacament'!DA20/'stress-strain (instron)'!$B$5)-$BD$9 -> 0.00043 | BF24: ='load-displacament'!DB20/'stress-strain (instron)'!$B$4-$BD$12 -> 4.1969102 | BJ24: =('load-displacament'!DJ20/'stress-strain (instron)'!$B$5)-$BI$9 -> 0.00042976923 | BK24: ='load-displacament'!DK20/'stress-strain (instron)'!$B$4-$BI$12 -> 4.1710228 | BO24: =('load-displacament'!DS20/'stress-strain (instron)'!$B$5)-$BI$9 -> 0.00043007692 | BP24: ='load-displacament'!DT20/'stress-strain (instron)'!$B$4-$BN$12 -> 4.2431038 | BT24: =('load-displacament'!EB20/'stress-strain (instron)'!$B$5)-$BS$9 -> 0.00042976923 | BU24: ='load-displacament'!EC20/'stress-strain (instron)'!$B$4-$BS$12 -> 4.2611414
... B1021: =('load-displacament'!D1017/'stress-strain (instron)'!$B$5)-$A$9 -> 0.025994538 | C1021: ='load-displacament'!E1017/'stress-strain (instron)'!$B$4-$A$12 -> 186.01407 | G1021: =('load-displacament'!M1017/'stress-strain (instron)'!$B$5)-$F$9 -> 0.025994385 | H1021: ='load-displacament'!N1017/'stress-strain (instron)'!$B$4-$F$12 -> 188.63377 | L1021: =('load-displacament'!V1017/'stress-strain (instron)'!$B$5)-$K$9 -> 0.025994154 | M1021: ='load-displacament'!W1017/'stress-strain (instron)'!$B$4-$K$12 -> 192.03898 | Q1021: =('load-displacament'!AE1017/'stress-strain (instron)'!$B$5)-$P$9 -> 0.025994385 | R1021: ='load-displacament'!AF1017/'stress-strain (instron)'!$B$4-$P$12 -> 188.80526 | V1021: =('load-displacament'!AN1017/'stress-strain (instron)'!$B$5)-$U$9 -> 0.025994308 | W1021: ='load-displacament'!AO1017/'stress-strain (instron)'!$B$4-$U$12 -> 187.18492 | AA1021: =('load-displacament'!AX1017/'stress-strain (instron)'!$B$5)-$Z$9 -> 0.025994385 | AB1021: ='load-displacament'!AY1017/'stress-strain (instron)'!$B$4-$Z$12 -> 182.58637 | AF1021: =('load-displacament'!BG1017/'stress-strain (instron)'!$B$5)-$AE$9 -> 0.025993923 | AG1021: ='load-displacament'!BH1017/'stress-strain (instron)'!$B$4-$AE$12 -> 185.84441 | AK1021: =('load-displacament'!BP1017/'stress-strain (instron)'!$B$5)-$AJ$9 -> 0.025994154 | AL1021: ='load-displacament'!BQ1017/'stress-strain (instron)'!$B$4-$AJ$12 -> 187.19607 | AP1021: =('load-displacament'!BY1017/'stress-strain (instron)'!$B$5)-$AO$9 -> 0.025994385 | AQ1021: ='load-displacament'!BZ1017/'stress-strain (instron)'!$B$4-$AO$12 -> 186.35442 | AU1021: =('load-displacament'!CH1017/'stress-strain (instron)'!$B$5)-$AO$9 -> 0.025993846 | AV1021: ='load-displacament'!CI1017/'stress-strain (instron)'!$B$4-$AT$12 -> 189.32791 | AZ1021: =('load-displacament'!CR1017/'stress-strain (instron)'!$B$5)-$AY$9 -> 0.025994 | BA1021: ='load-displacament'!CS1017/'stress-strain (instron)'!$B$4-$AY$12 -> 184.25514 | BE1021: =('load-displacament'!DA1017/'stress-strain (instron)'!$B$5)-$BD$9 -> 0.025994231 | BF1021: ='load-displacament'!DB1017/'stress-strain (instron)'!$B$4-$BD$12 -> 185.27009 | BJ1021: =('load-displacament'!DJ1017/'stress-strain (instron)'!$B$5)-$BI$9 -> 0.025994 | BK1021: ='load-displacament'!DK1017/'stress-strain (instron)'!$B$4-$BI$12 -> 189.63202 | BO1021: =('load-displacament'!DS1017/'stress-strain (instron)'!$B$5)-$BI$9 -> 0.025994308 | BP1021: ='load-displacament'!DT1017/'stress-strain (instron)'!$B$4-$BN$12 -> 190.08784 | BT1021: =('load-displacament'!EB1017/'stress-strain (instron)'!$B$5)-$BS$9 -> 0.025868154 | BU1021: ='load-displacament'!EC1017/'stress-strain (instron)'!$B$4-$BS$12 -> 113.01088
B1022: =('load-displacament'!D1018/'stress-strain (instron)'!$B$5)-$A$9 -> 0.026019846 | C1022: ='load-displacament'!E1018/'stress-strain (instron)'!$B$4-$A$12 -> 186.22954 | G1022: =('load-displacament'!M1018/'stress-strain (instron)'!$B$5)-$F$9 -> 0.026019769 | H1022: ='load-displacament'!N1018/'stress-strain (instron)'!$B$4-$F$12 -> 188.83978 | L1022: =('load-displacament'!V1018/'stress-strain (instron)'!$B$5)-$K$9 -> 0.026019846 | M1022: ='load-displacament'!W1018/'stress-strain (instron)'!$B$4-$K$12 -> 192.25672 | Q1022: =('load-displacament'!AE1018/'stress-strain (instron)'!$B$5)-$P$9 -> 0.026020154 | R1022: ='load-displacament'!AF1018/'stress-strain (instron)'!$B$4-$P$12 -> 189.0126 | V1022: =('load-displacament'!AN1018/'stress-strain (instron)'!$B$5)-$U$9 -> 0.026019692 | W1022: ='load-displacament'!AO1018/'stress-strain (instron)'!$B$4-$U$12 -> 187.38378 | AA1022: =('load-displacament'!AX1018/'stress-strain (instron)'!$B$5)-$Z$9 -> 0.026019538 | AB1022: ='load-displacament'!AY1018/'stress-strain (instron)'!$B$4-$Z$12 -> 182.78428 | AF1022: =('load-displacament'!BG1018/'stress-strain (instron)'!$B$5)-$AE$9 -> 0.026019769 | AG1022: ='load-displacament'!BH1018/'stress-strain (instron)'!$B$4-$AE$12 -> 186.05937 | AK1022: =('load-displacament'!BP1018/'stress-strain (instron)'!$B$5)-$AJ$9 -> 0.026019538 | AL1022: ='load-displacament'!BQ1018/'stress-strain (instron)'!$B$4-$AJ$12 -> 187.39725 | AP1022: =('load-displacament'!BY1018/'stress-strain (instron)'!$B$5)-$AO$9 -> 0.026019538 | AQ1022: ='load-displacament'!BZ1018/'stress-strain (instron)'!$B$4-$AO$12 -> 186.57573 | AU1022: =('load-displacament'!CH1018/'stress-strain (instron)'!$B$5)-$AO$9 -> 0.026020077 | AV1022: ='load-displacament'!CI1018/'stress-strain (instron)'!$B$4-$AT$12 -> 189.57176 | AZ1022: =('load-displacament'!CR1018/'stress-strain (instron)'!$B$5)-$AY$9 -> 0.026019846 | BA1022: ='load-displacament'!CS1018/'stress-strain (instron)'!$B$4-$AY$12 -> 184.46793 | BE1022: =('load-displacament'!DA1018/'stress-strain (instron)'!$B$5)-$BD$9 -> 0.026019692 | BF1022: ='load-displacament'!DB1018/'stress-strain (instron)'!$B$4-$BD$12 -> 185.47718 | BJ1022: =('load-displacament'!DJ1018/'stress-strain (instron)'!$B$5)-$BI$9 -> 0.026019769 | BK1022: ='load-displacament'!DK1018/'stress-strain (instron)'!$B$4-$BI$12 -> 189.85649 | BO1022: =('load-displacament'!DS1018/'stress-strain (instron)'!$B$5)-$BI$9 -> 0.026019692 | BP1022: ='load-displacament'!DT1018/'stress-strain (instron)'!$B$4-$BN$12 -> 190.30569
B1023: =('load-displacament'!D1019/'stress-strain (instron)'!$B$5)-$A$9 -> 0.026045538 | C1023: ='load-displacament'!E1019/'stress-strain (instron)'!$B$4-$A$12 -> 186.44476 | G1023: =('load-displacament'!M1019/'stress-strain (instron)'!$B$5)-$F$9 -> 0.026045615 | H1023: ='load-displacament'!N1019/'stress-strain (instron)'!$B$4-$F$12 -> 189.06277 | L1023: =('load-displacament'!V1019/'stress-strain (instron)'!$B$5)-$K$9 -> 0.026045462 | M1023: ='load-displacament'!W1019/'stress-strain (instron)'!$B$4-$K$12 -> 192.47225 | Q1023: =('load-displacament'!AE1019/'stress-strain (instron)'!$B$5)-$P$9 -> 0.026045538 | R1023: ='load-displacament'!AF1019/'stress-strain (instron)'!$B$4-$P$12 -> 189.21766 | V1023: =('load-displacament'!AN1019/'stress-strain (instron)'!$B$5)-$U$9 -> 0.026045538 | W1023: ='load-displacament'!AO1019/'stress-strain (instron)'!$B$4-$U$12 -> 187.60265 | AA1023: =('load-displacament'!AX1019/'stress-strain (instron)'!$B$5)-$Z$9 -> 0.026045615 | AB1023: ='load-displacament'!AY1019/'stress-strain (instron)'!$B$4-$Z$12 -> 183.01623 | AF1023: =('load-displacament'!BG1019/'stress-strain (instron)'!$B$5)-$AE$9 -> 0.026045462 | AG1023: ='load-displacament'!BH1019/'stress-strain (instron)'!$B$4-$AE$12 -> 186.2635 | AK1023: =('load-displacament'!BP1019/'stress-strain (instron)'!$B$5)-$AJ$9 -> 0.026045385 | AL1023: ='load-displacament'!BQ1019/'stress-strain (instron)'!$B$4-$AJ$12 -> 187.61867 | AP1023: =('load-displacament'!BY1019/'stress-strain (instron)'!$B$5)-$AO$9 -> 0.026045692 | AQ1023: ='load-displacament'!BZ1019/'stress-strain (instron)'!$B$4-$AO$12 -> 186.77936 | AU1023: =('load-displacament'!CH1019/'stress-strain (instron)'!$B$5)-$AO$9 -> 0.026045692 | AV1023: ='load-displacament'!CI1019/'stress-strain (instron)'!$B$4-$AT$12 -> 189.77283 | AZ1023: =('load-displacament'!CR1019/'stress-strain (instron)'!$B$5)-$AY$9 -> 0.026045385 | BA1023: ='load-displacament'!CS1019/'stress-strain (instron)'!$B$4-$AY$12 -> 184.67828 | BE1023: =('load-displacament'!DA1019/'stress-strain (instron)'!$B$5)-$BD$9 -> 0.026045462 | BF1023: ='load-displacament'!DB1019/'stress-strain (instron)'!$B$4-$BD$12 -> 185.70255 | BJ1023: =('load-displacament'!DJ1019/'stress-strain (instron)'!$B$5)-$BI$9 -> 0.026045385 | BK1023: ='load-displacament'!DK1019/'stress-strain (instron)'!$B$4-$BI$12 -> 190.07411 | BO1023: =('load-displacament'!DS1019/'stress-strain (instron)'!$B$5)-$BI$9 -> 0.026045462 | BP1023: ='load-displacament'!DT1019/'stress-strain (instron)'!$B$4-$BN$12 -> 190.52645
B1024: =('load-displacament'!D1020/'stress-strain (instron)'!$B$5)-$A$9 -> 0.026071 | C1024: ='load-displacament'!E1020/'stress-strain (instron)'!$B$4-$A$12 -> 186.64855 | G1024: =('load-displacament'!M1020/'stress-strain (instron)'!$B$5)-$F$9 -> 0.026071231 | H1024: ='load-displacament'!N1020/'stress-strain (instron)'!$B$4-$F$12 -> 189.27676 | L1024: =('load-displacament'!V1020/'stress-strain (instron)'!$B$5)-$K$9 -> 0.026071231 | M1024: ='load-displacament'!W1020/'stress-strain (instron)'!$B$4-$K$12 -> 192.6992 | Q1024: =('load-displacament'!AE1020/'stress-strain (instron)'!$B$5)-$P$9 -> 0.026071 | R1024: ='load-displacament'!AF1020/'stress-strain (instron)'!$B$4-$P$12 -> 189.43954 | V1024: =('load-displacament'!AN1020/'stress-strain (instron)'!$B$5)-$U$9 -> 0.026071 | W1024: ='load-displacament'!AO1020/'stress-strain (instron)'!$B$4-$U$12 -> 187.82964 | AA1024: =('load-displacament'!AX1020/'stress-strain (instron)'!$B$5)-$Z$9 -> 0.026071308 | AB1024: ='load-displacament'!AY1020/'stress-strain (instron)'!$B$4-$Z$12 -> 183.21012 | AF1024: =('load-displacament'!BG1020/'stress-strain (instron)'!$B$5)-$AE$9 -> 0.026070769 | AG1024: ='load-displacament'!BH1020/'stress-strain (instron)'!$B$4-$AE$12 -> 186.47404 | AK1024: =('load-displacament'!BP1020/'stress-strain (instron)'!$B$5)-$AJ$9 -> 0.026071231 | AL1024: ='load-displacament'!BQ1020/'stress-strain (instron)'!$B$4-$AJ$12 -> 187.83139 | AP1024: =('load-displacament'!BY1020/'stress-strain (instron)'!$B$5)-$AO$9 -> 0.026071231 | AQ1024: ='load-displacament'!BZ1020/'stress-strain (instron)'!$B$4-$AO$12 -> 187.00067 | AU1024: =('load-displacament'!CH1020/'stress-strain (instron)'!$B$5)-$AO$9 -> 0.026070846 | AV1024: ='load-displacament'!CI1020/'stress-strain (instron)'!$B$4-$AT$12 -> 189.9868 | AZ1024: =('load-displacament'!CR1020/'stress-strain (instron)'!$B$5)-$AY$9 -> 0.026071231 | BA1024: ='load-displacament'!CS1020/'stress-strain (instron)'!$B$4-$AY$12 -> 184.88621 | BE1024: =('load-displacament'!DA1020/'stress-strain (instron)'!$B$5)-$BD$9 -> 0.026070769 | BF1024: ='load-displacament'!DB1020/'stress-strain (instron)'!$B$4-$BD$12 -> 185.90255 | BJ1024: =('load-displacament'!DJ1020/'stress-strain (instron)'!$B$5)-$BI$9 -> 0.026071231 | BK1024: ='load-displacament'!DK1020/'stress-strain (instron)'!$B$4-$BI$12 -> 190.29493 | BO1024: =('load-displacament'!DS1020/'stress-strain (instron)'!$B$5)-$BI$9 -> 0.026070846 | BP1024: ='load-displacament'!DT1020/'stress-strain (instron)'!$B$4-$BN$12 -> 190.73139
B1025: =('load-displacament'!D1021/'stress-strain (instron)'!$B$5)-$A$9 -> 0.026096692 | C1025: ='load-displacament'!E1021/'stress-strain (instron)'!$B$4-$A$12 -> 186.88114 | G1025: =('load-displacament'!M1021/'stress-strain (instron)'!$B$5)-$F$9 -> 0.026096462 | H1025: ='load-displacament'!N1021/'stress-strain (instron)'!$B$4-$F$12 -> 189.47838 | L1025: =('load-displacament'!V1021/'stress-strain (instron)'!$B$5)-$K$9 -> 0.026097154 | M1025: ='load-displacament'!W1021/'stress-strain (instron)'!$B$4-$K$12 -> 192.91539 | Q1025: =('load-displacament'!AE1021/'stress-strain (instron)'!$B$5)-$P$9 -> 0.026097077 | R1025: ='load-displacament'!AF1021/'stress-strain (instron)'!$B$4-$P$12 -> 189.6604 | V1025: =('load-displacament'!AN1021/'stress-strain (instron)'!$B$5)-$U$9 -> 0.026096462 | W1025: ='load-displacament'!AO1021/'stress-strain (instron)'!$B$4-$U$12 -> 188.02568 | AA1025: =('load-displacament'!AX1021/'stress-strain (instron)'!$B$5)-$Z$9 -> 0.026096538 | AB1025: ='load-displacament'!AY1021/'stress-strain (instron)'!$B$4-$Z$12 -> 183.40486 | AF1025: =('load-displacament'!BG1021/'stress-strain (instron)'!$B$5)-$AE$9 -> 0.026096923 | AG1025: ='load-displacament'!BH1021/'stress-strain (instron)'!$B$4-$AE$12 -> 186.68949 | AK1025: =('load-displacament'!BP1021/'stress-strain (instron)'!$B$5)-$AJ$9 -> 0.026096923 | AL1025: ='load-displacament'!BQ1021/'stress-strain (instron)'!$B$4-$AJ$12 -> 188.05301 | AP1025: =('load-displacament'!BY1021/'stress-strain (instron)'!$B$5)-$AO$9 -> 0.026096538 | AQ1025: ='load-displacament'!BZ1021/'stress-strain (instron)'!$B$4-$AO$12 -> 187.2117 | AU1025: =('load-displacament'!CH1021/'stress-strain (instron)'!$B$5)-$AO$9 -> 0.026097077 | AV1025: ='load-displacament'!CI1021/'stress-strain (instron)'!$B$4-$AT$12 -> 190.21176 | AZ1025: =('load-displacament'!CR1021/'stress-strain (instron)'!$B$5)-$AY$9 -> 0.026097077 | BA1025: ='load-displacament'!CS1021/'stress-strain (instron)'!$B$4-$AY$12 -> 185.10844 | BE1025: =('load-displacament'!DA1021/'stress-strain (instron)'!$B$5)-$BD$9 -> 0.026096923 | BF1025: ='load-displacament'!DB1021/'stress-strain (instron)'!$B$4-$BD$12 -> 186.13263 | BJ1025: =('load-displacament'!DJ1021/'stress-strain (instron)'!$B$5)-$BI$9 -> 0.026097 | BK1025: ='load-displacament'!DK1021/'stress-strain (instron)'!$B$4-$BI$12 -> 190.50497 | BO1025: =('load-displacament'!DS1021/'stress-strain (instron)'!$B$5)-$BI$9 -> 0.026097 | BP1025: ='load-displacament'!DT1021/'stress-strain (instron)'!$B$4-$BN$12 -> 190.94854
B1026: =('load-displacament'!D1022/'stress-strain (instron)'!$B$5)-$A$9 -> 0.026122308 | C1026: ='load-displacament'!E1022/'stress-strain (instron)'!$B$4-$A$12 -> 187.09511 | G1026: =('load-displacament'!M1022/'stress-strain (instron)'!$B$5)-$F$9 -> 0.026122385 | H1026: ='load-displacament'!N1022/'stress-strain (instron)'!$B$4-$F$12 -> 189.69474 | L1026: =('load-displacament'!V1022/'stress-strain (instron)'!$B$5)-$K$9 -> 0.026122462 | M1026: ='load-displacament'!W1022/'stress-strain (instron)'!$B$4-$K$12 -> 193.10824 | Q1026: =('load-displacament'!AE1022/'stress-strain (instron)'!$B$5)-$P$9 -> 0.026122538 | R1026: ='load-displacament'!AF1022/'stress-strain (instron)'!$B$4-$P$12 -> 189.8795 | V1026: =('load-displacament'!AN1022/'stress-strain (instron)'!$B$5)-$U$9 -> 0.026122538 | W1026: ='load-displacament'!AO1022/'stress-strain (instron)'!$B$4-$U$12 -> 188.24589 | AA1026: =('load-displacament'!AX1022/'stress-strain (instron)'!$B$5)-$Z$9 -> 0.026122385 | AB1026: ='load-displacament'!AY1022/'stress-strain (instron)'!$B$4-$Z$12 -> 183.62186 | AF1026: =('load-displacament'!BG1022/'stress-strain (instron)'!$B$5)-$AE$9 -> 0.026122692 | AG1026: ='load-displacament'!BH1022/'stress-strain (instron)'!$B$4-$AE$12 -> 186.87391 | AK1026: =('load-displacament'!BP1022/'stress-strain (instron)'!$B$5)-$AJ$9 -> 0.026122615 | AL1026: ='load-displacament'!BQ1022/'stress-strain (instron)'!$B$4-$AJ$12 -> 188.2517 | AP1026: =('load-displacament'!BY1022/'stress-strain (instron)'!$B$5)-$AO$9 -> 0.026122462 | AQ1026: ='load-displacament'!BZ1022/'stress-strain (instron)'!$B$4-$AO$12 -> 187.42789 | AU1026: =('load-displacament'!CH1022/'stress-strain (instron)'!$B$5)-$AO$9 -> 0.026122615 | AV1026: ='load-displacament'!CI1022/'stress-strain (instron)'!$B$4-$AT$12 -> 190.43687 | AZ1026: =('load-displacament'!CR1022/'stress-strain (instron)'!$B$5)-$AY$9 -> 0.026122615 | BA1026: ='load-displacament'!CS1022/'stress-strain (instron)'!$B$4-$AY$12 -> 185.30732 | BE1026: =('load-displacament'!DA1022/'stress-strain (instron)'!$B$5)-$BD$9 -> 0.026122615 | BF1026: ='load-displacament'!DB1022/'stress-strain (instron)'!$B$4-$BD$12 -> 186.33755 | BJ1026: =('load-displacament'!DJ1022/'stress-strain (instron)'!$B$5)-$BI$9 -> 0.026122538 | BK1026: ='load-displacament'!DK1022/'stress-strain (instron)'!$B$4-$BI$12 -> 190.70702 | BO1026: =('load-displacament'!DS1022/'stress-strain (instron)'!$B$5)-$BI$9 -> 0.026122692 | BP1026: ='load-displacament'!DT1022/'stress-strain (instron)'!$B$4-$BN$12 -> 191.1718
B1027: =('load-displacament'!D1023/'stress-strain (instron)'!$B$5)-$A$9 -> 0.026147846 | C1027: ='load-displacament'!E1023/'stress-strain (instron)'!$B$4-$A$12 -> 187.29796 | G1027: =('load-displacament'!M1023/'stress-strain (instron)'!$B$5)-$F$9 -> 0.026148308 | H1027: ='load-displacament'!N1023/'stress-strain (instron)'!$B$4-$F$12 -> 189.91818 | L1027: =('load-displacament'!V1023/'stress-strain (instron)'!$B$5)-$K$9 -> 0.026147923 | M1027: ='load-displacament'!W1023/'stress-strain (instron)'!$B$4-$K$12 -> 193.32768 | Q1027: =('load-displacament'!AE1023/'stress-strain (instron)'!$B$5)-$P$9 -> 0.026147846 | R1027: ='load-displacament'!AF1023/'stress-strain (instron)'!$B$4-$P$12 -> 190.07198 | V1027: =('load-displacament'!AN1023/'stress-strain (instron)'!$B$5)-$U$9 -> 0.026148308 | W1027: ='load-displacament'!AO1023/'stress-strain (instron)'!$B$4-$U$12 -> 188.453 | AA1027: =('load-displacament'!AX1023/'stress-strain (instron)'!$B$5)-$Z$9 -> 0.026147923 | AB1027: ='load-displacament'!AY1023/'stress-strain (instron)'!$B$4-$Z$12 -> 183.81865 | AF1027: =('load-displacament'!BG1023/'stress-strain (instron)'!$B$5)-$AE$9 -> 0.026148154 | AG1027: ='load-displacament'!BH1023/'stress-strain (instron)'!$B$4-$AE$12 -> 187.07537 | AK1027: =('load-displacament'!BP1023/'stress-strain (instron)'!$B$5)-$AJ$9 -> 0.026148231 | AL1027: ='load-displacament'!BQ1023/'stress-strain (instron)'!$B$4-$AJ$12 -> 188.45611 | AP1027: =('load-displacament'!BY1023/'stress-strain (instron)'!$B$5)-$AO$9 -> 0.026148385 | AQ1027: ='load-displacament'!BZ1023/'stress-strain (instron)'!$B$4-$AO$12 -> 187.64502 | AU1027: =('load-displacament'!CH1023/'stress-strain (instron)'!$B$5)-$AO$9 -> 0.026147846 | AV1027: ='load-displacament'!CI1023/'stress-strain (instron)'!$B$4-$AT$12 -> 190.65193 | AZ1027: =('load-displacament'!CR1023/'stress-strain (instron)'!$B$5)-$AY$9 -> 0.026148 | BA1027: ='load-displacament'!CS1023/'stress-strain (instron)'!$B$4-$AY$12 -> 185.51752 | BE1027: =('load-displacament'!DA1023/'stress-strain (instron)'!$B$5)-$BD$9 -> 0.026147923 | BF1027: ='load-displacament'!DB1023/'stress-strain (instron)'!$B$4-$BD$12 -> 186.55196 | BJ1027: =('load-displacament'!DJ1023/'stress-strain (instron)'!$B$5)-$BI$9 -> 0.026148 | BK1027: ='load-displacament'!DK1023/'stress-strain (instron)'!$B$4-$BI$12 -> 190.92356 | BO1027: =('load-displacament'!DS1023/'stress-strain (instron)'!$B$5)-$BI$9 -> 0.026148077 | BP1027: ='load-displacament'!DT1023/'stress-strain (instron)'!$B$4-$BN$12 -> 191.3887
B1028: =('load-displacament'!D1024/'stress-strain (instron)'!$B$5)-$A$9 -> 0.026173846 | C1028: ='load-displacament'!E1024/'stress-strain (instron)'!$B$4-$A$12 -> 187.50901 | G1028: =('load-displacament'!M1024/'stress-strain (instron)'!$B$5)-$F$9 -> 0.026173538 | H1028: ='load-displacament'!N1024/'stress-strain (instron)'!$B$4-$F$12 -> 190.14209 | L1028: =('load-displacament'!V1024/'stress-strain (instron)'!$B$5)-$K$9 -> 0.026173846 | M1028: ='load-displacament'!W1024/'stress-strain (instron)'!$B$4-$K$12 -> 193.54746 | Q1028: =('load-displacament'!AE1024/'stress-strain (instron)'!$B$5)-$P$9 -> 0.026173846 | R1028: ='load-displacament'!AF1024/'stress-strain (instron)'!$B$4-$P$12 -> 190.29936 | V1028: =('load-displacament'!AN1024/'stress-strain (instron)'!$B$5)-$U$9 -> 0.026173692 | W1028: ='load-displacament'!AO1024/'stress-strain (instron)'!$B$4-$U$12 -> 188.65724 | AA1028: =('load-displacament'!AX1024/'stress-strain (instron)'!$B$5)-$Z$9 -> 0.026173538 | AB1028: ='load-displacament'!AY1024/'stress-strain (instron)'!$B$4-$Z$12 -> 184.03149 | AF1028: =('load-displacament'!BG1024/'stress-strain (instron)'!$B$5)-$AE$9 -> 0.026167538 | AG1028: ='load-displacament'!BH1024/'stress-strain (instron)'!$B$4-$AE$12 -> 173.58443 | AK1028: =('load-displacament'!BP1024/'stress-strain (instron)'!$B$5)-$AJ$9 -> 0.026173615 | AL1028: ='load-displacament'!BQ1024/'stress-strain (instron)'!$B$4-$AJ$12 -> 188.66127 | AP1028: =('load-displacament'!BY1024/'stress-strain (instron)'!$B$5)-$AO$9 -> 0.026173615 | AQ1028: ='load-displacament'!BZ1024/'stress-strain (instron)'!$B$4-$AO$12 -> 187.86235 | AU1028: =('load-displacament'!CH1024/'stress-strain (instron)'!$B$5)-$AO$9 -> 0.026173769 | AV1028: ='load-displacament'!CI1024/'stress-strain (instron)'!$B$4-$AT$12 -> 190.85467 | AZ1028: =('load-displacament'!CR1024/'stress-strain (instron)'!$B$5)-$AY$9 -> 0.026173692 | BA1028: ='load-displacament'!CS1024/'stress-strain (instron)'!$B$4-$AY$12 -> 185.73066 | BE1028: =('load-displacament'!DA1024/'stress-strain (instron)'!$B$5)-$BD$9 -> 0.026173769 | BF1028: ='load-displacament'!DB1024/'stress-strain (instron)'!$B$4-$BD$12 -> 186.74937 | BJ1028: =('load-displacament'!DJ1024/'stress-strain (instron)'!$B$5)-$BI$9 -> 0.026173615 | BK1028: ='load-displacament'!DK1024/'stress-strain (instron)'!$B$4-$BI$12 -> 191.14179 | BO1028: =('load-displacament'!DS1024/'stress-strain (instron)'!$B$5)-$BI$9 -> 0.026173846 | BP1028: ='load-displacament'!DT1024/'stress-strain (instron)'!$B$4-$BN$12 -> 191.60434
B1029: =('load-displacament'!D1025/'stress-strain (instron)'!$B$5)-$A$9 -> 0.026199615 | C1029: ='load-displacament'!E1025/'stress-strain (instron)'!$B$4-$A$12 -> 187.71853 | G1029: =('load-displacament'!M1025/'stress-strain (instron)'!$B$5)-$F$9 -> 0.026199462 | H1029: ='load-displacament'!N1025/'stress-strain (instron)'!$B$4-$F$12 -> 190.35935 | L1029: =('load-displacament'!V1025/'stress-strain (instron)'!$B$5)-$K$9 -> 0.026199231 | M1029: ='load-displacament'!W1025/'stress-strain (instron)'!$B$4-$K$12 -> 193.77764 | Q1029: =('load-displacament'!AE1025/'stress-strain (instron)'!$B$5)-$P$9 -> 0.026199462 | R1029: ='load-displacament'!AF1025/'stress-strain (instron)'!$B$4-$P$12 -> 190.5301 | V1029: =('load-displacament'!AN1025/'stress-strain (instron)'!$B$5)-$U$9 -> 0.026199538 | W1029: ='load-displacament'!AO1025/'stress-strain (instron)'!$B$4-$U$12 -> 188.88158 | AA1029: =('load-displacament'!AX1025/'stress-strain (instron)'!$B$5)-$Z$9 -> 0.026199462 | AB1029: ='load-displacament'!AY1025/'stress-strain (instron)'!$B$4-$Z$12 -> 184.26006 | AF1029: =('load-displacament'!BG1025/'stress-strain (instron)'!$B$5)-$AE$9 -> 0.026168308 | AG1029: ='load-displacament'!BH1025/'stress-strain (instron)'!$B$4-$AE$12 -> 160.96361 | AK1029: =('load-displacament'!BP1025/'stress-strain (instron)'!$B$5)-$AJ$9 -> 0.026199462 | AL1029: ='load-displacament'!BQ1025/'stress-strain (instron)'!$B$4-$AJ$12 -> 188.89178 | AP1029: =('load-displacament'!BY1025/'stress-strain (instron)'!$B$5)-$AO$9 -> 0.026199385 | AQ1029: ='load-displacament'!BZ1025/'stress-strain (instron)'!$B$4-$AO$12 -> 188.06944 | AU1029: =('load-displacament'!CH1025/'stress-strain (instron)'!$B$5)-$AO$9 -> 0.026199231 | AV1029: ='load-displacament'!CI1025/'stress-strain (instron)'!$B$4-$AT$12 -> 191.06994 | AZ1029: =('load-displacament'!CR1025/'stress-strain (instron)'!$B$5)-$AY$9 -> 0.026199385 | BA1029: ='load-displacament'!CS1025/'stress-strain (instron)'!$B$4-$AY$12 -> 185.94963 | BE1029: =('load-displacament'!DA1025/'stress-strain (instron)'!$B$5)-$BD$9 -> 0.026199308 | BF1029: ='load-displacament'!DB1025/'stress-strain (instron)'!$B$4-$BD$12 -> 186.96788 | BJ1029: =('load-displacament'!DJ1025/'stress-strain (instron)'!$B$5)-$BI$9 -> 0.026199308 | BK1029: ='load-displacament'!DK1025/'stress-strain (instron)'!$B$4-$BI$12 -> 191.36356 | BO1029: =('load-displacament'!DS1025/'stress-strain (instron)'!$B$5)-$BI$9 -> 0.026199385 | BP1029: ='load-displacament'!DT1025/'stress-strain (instron)'!$B$4-$BN$12 -> 191.83786
B1030: =('load-displacament'!D1026/'stress-strain (instron)'!$B$5)-$A$9 -> 0.026224923 | C1030: ='load-displacament'!E1026/'stress-strain (instron)'!$B$4-$A$12 -> 187.93989 | G1030: =('load-displacament'!M1026/'stress-strain (instron)'!$B$5)-$F$9 -> 0.026225077 | H1030: ='load-displacament'!N1026/'stress-strain (instron)'!$B$4-$F$12 -> 190.56574 | L1030: =('load-displacament'!V1026/'stress-strain (instron)'!$B$5)-$K$9 -> 0.026224846 | M1030: ='load-displacament'!W1026/'stress-strain (instron)'!$B$4-$K$12 -> 193.99334 | Q1030: =('load-displacament'!AE1026/'stress-strain (instron)'!$B$5)-$P$9 -> 0.026224846 | R1030: ='load-displacament'!AF1026/'stress-strain (instron)'!$B$4-$P$12 -> 190.72376 | V1030: =('load-displacament'!AN1026/'stress-strain (instron)'!$B$5)-$U$9 -> 0.026225154 | W1030: ='load-displacament'!AO1026/'stress-strain (instron)'!$B$4-$U$12 -> 189.08534 | AA1030: =('load-displacament'!AX1026/'stress-strain (instron)'!$B$5)-$Z$9 -> 0.026225077 | AB1030: ='load-displacament'!AY1026/'stress-strain (instron)'!$B$4-$Z$12 -> 184.4582 | AF1030: =('load-displacament'!BG1026/'stress-strain (instron)'!$B$5)-$AE$9 -> 0.026169154 | AG1030: ='load-displacament'!BH1026/'stress-strain (instron)'!$B$4-$AE$12 -> 146.37123 | AK1030: =('load-displacament'!BP1026/'stress-strain (instron)'!$B$5)-$AJ$9 -> 0.026224923 | AL1030: ='load-displacament'!BQ1026/'stress-strain (instron)'!$B$4-$AJ$12 -> 189.11172 | AP1030: =('load-displacament'!BY1026/'stress-strain (instron)'!$B$5)-$AO$9 -> 0.026225077 | AQ1030: ='load-displacament'!BZ1026/'stress-strain (instron)'!$B$4-$AO$12 -> 188.28123 | AU1030: =('load-displacament'!CH1026/'stress-strain (instron)'!$B$5)-$AO$9 -> 0.026224615 | AV1030: ='load-displacament'!CI1026/'stress-strain (instron)'!$B$4-$AT$12 -> 191.29035 | AZ1030: =('load-displacament'!CR1026/'stress-strain (instron)'!$B$5)-$AY$9 -> 0.026224538 | BA1030: ='load-displacament'!CS1026/'stress-strain (instron)'!$B$4-$AY$12 -> 186.16285 | BE1030: =('load-displacament'!DA1026/'stress-strain (instron)'!$B$5)-$BD$9 -> 0.026224692 | BF1030: ='load-displacament'!DB1026/'stress-strain (instron)'!$B$4-$BD$12 -> 187.17931 | BJ1030: =('load-displacament'!DJ1026/'stress-strain (instron)'!$B$5)-$BI$9 -> 0.026224538 | BK1030: ='load-displacament'!DK1026/'stress-strain (instron)'!$B$4-$BI$12 -> 191.56562 | BO1030: =('load-displacament'!DS1026/'stress-strain (instron)'!$B$5)-$BI$9 -> 0.026224769 | BP1030: ='load-displacament'!DT1026/'stress-strain (instron)'!$B$4-$BN$12 -> 192.03276
B1031: =('load-displacament'!D1027/'stress-strain (instron)'!$B$5)-$A$9 -> 0.026250769 | C1031: ='load-displacament'!E1027/'stress-strain (instron)'!$B$4-$A$12 -> 188.14079 | G1031: =('load-displacament'!M1027/'stress-strain (instron)'!$B$5)-$F$9 -> 0.026250385 | H1031: ='load-displacament'!N1027/'stress-strain (instron)'!$B$4-$F$12 -> 190.77775 | L1031: =('load-displacament'!V1027/'stress-strain (instron)'!$B$5)-$K$9 -> 0.026250769 | M1031: ='load-displacament'!W1027/'stress-strain (instron)'!$B$4-$K$12 -> 194.20848 | Q1031: =('load-displacament'!AE1027/'stress-strain (instron)'!$B$5)-$P$9 -> 0.026250846 | R1031: ='load-displacament'!AF1027/'stress-strain (instron)'!$B$4-$P$12 -> 190.94366 | V1031: =('load-displacament'!AN1027/'stress-strain (instron)'!$B$5)-$U$9 -> 0.026250462 | W1031: ='load-displacament'!AO1027/'stress-strain (instron)'!$B$4-$U$12 -> 189.29992 | AA1031: =('load-displacament'!AX1027/'stress-strain (instron)'!$B$5)-$Z$9 -> 0.026250615 | AB1031: ='load-displacament'!AY1027/'stress-strain (instron)'!$B$4-$Z$12 -> 184.67004 | AF1031: =('load-displacament'!BG1027/'stress-strain (instron)'!$B$5)-$AE$9 -> 0.02617 | AG1031: ='load-displacament'!BH1027/'stress-strain (instron)'!$B$4-$AE$12 -> 130.6903 | AK1031: =('load-displacament'!BP1027/'stress-strain (instron)'!$B$5)-$AJ$9 -> 0.026250385 | AL1031: ='load-displacament'!BQ1027/'stress-strain (instron)'!$B$4-$AJ$12 -> 189.30789 | AP1031: =('load-displacament'!BY1027/'stress-strain (instron)'!$B$5)-$AO$9 -> 0.026250231 | AQ1031: ='load-displacament'!BZ1027/'stress-strain (instron)'!$B$4-$AO$12 -> 188.48211 | AU1031: =('load-displacament'!CH1027/'stress-strain (instron)'!$B$5)-$AO$9 -> 0.026250846 | AV1031: ='load-displacament'!CI1027/'stress-strain (instron)'!$B$4-$AT$12 -> 191.51805 | AZ1031: =('load-displacament'!CR1027/'stress-strain (instron)'!$B$5)-$AY$9 -> 0.026250538 | BA1031: ='load-displacament'!CS1027/'stress-strain (instron)'!$B$4-$AY$12 -> 186.3818 | BE1031: =('load-displacament'!DA1027/'stress-strain (instron)'!$B$5)-$BD$9 -> 0.026250154 | BF1031: ='load-displacament'!DB1027/'stress-strain (instron)'!$B$4-$BD$12 -> 187.38087 | BJ1031: =('load-displacament'!DJ1027/'stress-strain (instron)'!$B$5)-$BI$9 -> 0.026250462 | BK1031: ='load-displacament'!DK1027/'stress-strain (instron)'!$B$4-$BI$12 -> 191.78562 | BO1031: =('load-displacament'!DS1027/'stress-strain (instron)'!$B$5)-$BI$9 -> 0.026250154 | BP1031: ='load-displacament'!DT1027/'stress-strain (instron)'!$B$4-$BN$12 -> 192.25829
B1032: =('load-displacament'!D1028/'stress-strain (instron)'!$B$5)-$A$9 -> 0.026276538 | C1032: ='load-displacament'!E1028/'stress-strain (instron)'!$B$4-$A$12 -> 188.35544 | G1032: =('load-displacament'!M1028/'stress-strain (instron)'!$B$5)-$F$9 -> 0.026276231 | H1032: ='load-displacament'!N1028/'stress-strain (instron)'!$B$4-$F$12 -> 191.00211 | L1032: =('load-displacament'!V1028/'stress-strain (instron)'!$B$5)-$K$9 -> 0.026276308 | M1032: ='load-displacament'!W1028/'stress-strain (instron)'!$B$4-$K$12 -> 194.41264 | Q1032: =('load-displacament'!AE1028/'stress-strain (instron)'!$B$5)-$P$9 -> 0.026276385 | R1032: ='load-displacament'!AF1028/'stress-strain (instron)'!$B$4-$P$12 -> 191.15278 | V1032: =('load-displacament'!AN1028/'stress-strain (instron)'!$B$5)-$U$9 -> 0.026276231 | W1032: ='load-displacament'!AO1028/'stress-strain (instron)'!$B$4-$U$12 -> 189.51915 | AA1032: =('load-displacament'!AX1028/'stress-strain (instron)'!$B$5)-$Z$9 -> 0.026276538 | AB1032: ='load-displacament'!AY1028/'stress-strain (instron)'!$B$4-$Z$12 -> 184.87654 | AF1032: =('load-displacament'!BG1028/'stress-strain (instron)'!$B$5)-$AE$9 -> 0.026170923 | AG1032: ='load-displacament'!BH1028/'stress-strain (instron)'!$B$4-$AE$12 -> 114.62314 | AK1032: =('load-displacament'!BP1028/'stress-strain (instron)'!$B$5)-$AJ$9 -> 0.026276462 | AL1032: ='load-displacament'!BQ1028/'stress-strain (instron)'!$B$4-$AJ$12 -> 189.51332 | AP1032: =('load-displacament'!BY1028/'stress-strain (instron)'!$B$5)-$AO$9 -> 0.026276308 | AQ1032: ='load-displacament'!BZ1028/'stress-strain (instron)'!$B$4-$AO$12 -> 188.70699 | AU1032: =('load-displacament'!CH1028/'stress-strain (instron)'!$B$5)-$AO$9 -> 0.026276538 | AV1032: ='load-displacament'!CI1028/'stress-strain (instron)'!$B$4-$AT$12 -> 191.73311 | AZ1032: =('load-displacament'!CR1028/'stress-strain (instron)'!$B$5)-$AY$9 -> 0.026276538 | BA1032: ='load-displacament'!CS1028/'stress-strain (instron)'!$B$4-$AY$12 -> 186.59959 | BE1032: =('load-displacament'!DA1028/'stress-strain (instron)'!$B$5)-$BD$9 -> 0.026276154 | BF1032: ='load-displacament'!DB1028/'stress-strain (instron)'!$B$4-$BD$12 -> 187.58993 | BJ1032: =('load-displacament'!DJ1028/'stress-strain (instron)'!$B$5)-$BI$9 -> 0.026276538 | BK1032: ='load-displacament'!DK1028/'stress-strain (instron)'!$B$4-$BI$12 -> 192.00759 | BO1032: =('load-displacament'!DS1028/'stress-strain (instron)'!$B$5)-$BI$9 -> 0.026276231 | BP1032: ='load-displacament'!DT1028/'stress-strain (instron)'!$B$4-$BN$12 -> 192.4811
B1033: =('load-displacament'!D1029/'stress-strain (instron)'!$B$5)-$A$9 -> 0.026301846 | C1033: ='load-displacament'!E1029/'stress-strain (instron)'!$B$4-$A$12 -> 188.55659 | G1033: =('load-displacament'!M1029/'stress-strain (instron)'!$B$5)-$F$9 -> 0.026301923 | H1033: ='load-displacament'!N1029/'stress-strain (instron)'!$B$4-$F$12 -> 191.21357 | L1033: =('load-displacament'!V1029/'stress-strain (instron)'!$B$5)-$K$9 -> 0.026302 | M1033: ='load-displacament'!W1029/'stress-strain (instron)'!$B$4-$K$12 -> 194.65139 | Q1033: =('load-displacament'!AE1029/'stress-strain (instron)'!$B$5)-$P$9 -> 0.026301769 | R1033: ='load-displacament'!AF1029/'stress-strain (instron)'!$B$4-$P$12 -> 191.3538 | V1033: =('load-displacament'!AN1029/'stress-strain (instron)'!$B$5)-$U$9 -> 0.026301846 | W1033: ='load-displacament'!AO1029/'stress-strain (instron)'!$B$4-$U$12 -> 189.74363 | AA1033: =('load-displacament'!AX1029/'stress-strain (instron)'!$B$5)-$Z$9 -> 0.026302 | AB1033: ='load-displacament'!AY1029/'stress-strain (instron)'!$B$4-$Z$12 -> 185.09559 | AF1033: =('load-displacament'!BG1029/'stress-strain (instron)'!$B$5)-$AE$9 -> 0.026171231 | AG1033: ='load-displacament'!BH1029/'stress-strain (instron)'!$B$4-$AE$12 -> 109.29541 | AK1033: =('load-displacament'!BP1029/'stress-strain (instron)'!$B$5)-$AJ$9 -> 0.026302154 | AL1033: ='load-displacament'!BQ1029/'stress-strain (instron)'!$B$4-$AJ$12 -> 189.73834 | AP1033: =('load-displacament'!BY1029/'stress-strain (instron)'!$B$5)-$AO$9 -> 0.026302 | AQ1033: ='load-displacament'!BZ1029/'stress-strain (instron)'!$B$4-$AO$12 -> 188.9169 | AU1033: =('load-displacament'!CH1029/'stress-strain (instron)'!$B$5)-$AO$9 -> 0.026301923 | AV1033: ='load-displacament'!CI1029/'stress-strain (instron)'!$B$4-$AT$12 -> 191.94996 | AZ1033: =('load-displacament'!CR1029/'stress-strain (instron)'!$B$5)-$AY$9 -> 0.026302 | BA1033: ='load-displacament'!CS1029/'stress-strain (instron)'!$B$4-$AY$12 -> 186.79725 | BE1033: =('load-displacament'!DA1029/'stress-strain (instron)'!$B$5)-$BD$9 -> 0.026301923 | BF1033: ='load-displacament'!DB1029/'stress-strain (instron)'!$B$4-$BD$12 -> 187.80929 | BJ1033: =('load-displacament'!DJ1029/'stress-strain (instron)'!$B$5)-$BI$9 -> 0.026302 | BK1033: ='load-displacament'!DK1029/'stress-strain (instron)'!$B$4-$BI$12 -> 192.21503 | BO1033: =('load-displacament'!DS1029/'stress-strain (instron)'!$B$5)-$BI$9 -> 0.026302 | BP1033: ='load-displacament'!DT1029/'stress-strain (instron)'!$B$4-$BN$12 -> 192.70317
B1034: =('load-displacament'!D1030/'stress-strain (instron)'!$B$5)-$A$9 -> 0.026327462 | C1034: ='load-displacament'!E1030/'stress-strain (instron)'!$B$4-$A$12 -> 188.76806 | G1034: =('load-displacament'!M1030/'stress-strain (instron)'!$B$5)-$F$9 -> 0.026327385 | H1034: ='load-displacament'!N1030/'stress-strain (instron)'!$B$4-$F$12 -> 191.41252 | L1034: =('load-displacament'!V1030/'stress-strain (instron)'!$B$5)-$K$9 -> 0.026327692 | M1034: ='load-displacament'!W1030/'stress-strain (instron)'!$B$4-$K$12 -> 194.86104 | Q1034: =('load-displacament'!AE1030/'stress-strain (instron)'!$B$5)-$P$9 -> 0.026327769 | R1034: ='load-displacament'!AF1030/'stress-strain (instron)'!$B$4-$P$12 -> 191.58731 | V1034: =('load-displacament'!AN1030/'stress-strain (instron)'!$B$5)-$U$9 -> 0.026327462 | W1034: ='load-displacament'!AO1030/'stress-strain (instron)'!$B$4-$U$12 -> 189.94232 | AA1034: =('load-displacament'!AX1030/'stress-strain (instron)'!$B$5)-$Z$9 -> 0.026327231 | AB1034: ='load-displacament'!AY1030/'stress-strain (instron)'!$B$4-$Z$12 -> 185.27955 | AK1034: =('load-displacament'!BP1030/'stress-strain (instron)'!$B$5)-$AJ$9 -> 0.026327462 | AL1034: ='load-displacament'!BQ1030/'stress-strain (instron)'!$B$4-$AJ$12 -> 189.93145 | AP1034: =('load-displacament'!BY1030/'stress-strain (instron)'!$B$5)-$AO$9 -> 0.026327385 | AQ1034: ='load-displacament'!BZ1030/'stress-strain (instron)'!$B$4-$AO$12 -> 189.12811 | AU1034: =('load-displacament'!CH1030/'stress-strain (instron)'!$B$5)-$AO$9 -> 0.026327923 | AV1034: ='load-displacament'!CI1030/'stress-strain (instron)'!$B$4-$AT$12 -> 192.16238 | AZ1034: =('load-displacament'!CR1030/'stress-strain (instron)'!$B$5)-$AY$9 -> 0.026327846 | BA1034: ='load-displacament'!CS1030/'stress-strain (instron)'!$B$4-$AY$12 -> 187.015 | BE1034: =('load-displacament'!DA1030/'stress-strain (instron)'!$B$5)-$BD$9 -> 0.026327615 | BF1034: ='load-displacament'!DB1030/'stress-strain (instron)'!$B$4-$BD$12 -> 188.02163 | BJ1034: =('load-displacament'!DJ1030/'stress-strain (instron)'!$B$5)-$BI$9 -> 0.026327769 | BK1034: ='load-displacament'!DK1030/'stress-strain (instron)'!$B$4-$BI$12 -> 192.45327 | BO1034: =('load-displacament'!DS1030/'stress-strain (instron)'!$B$5)-$BI$9 -> 0.026327615 | BP1034: ='load-displacament'!DT1030/'stress-strain (instron)'!$B$4-$BN$12 -> 192.9055
B1035: =('load-displacament'!D1031/'stress-strain (instron)'!$B$5)-$A$9 -> 0.026353154 | C1035: ='load-displacament'!E1031/'stress-strain (instron)'!$B$4-$A$12 -> 188.98921 | G1035: =('load-displacament'!M1031/'stress-strain (instron)'!$B$5)-$F$9 -> 0.026353308 | H1035: ='load-displacament'!N1031/'stress-strain (instron)'!$B$4-$F$12 -> 191.63084 | L1035: =('load-displacament'!V1031/'stress-strain (instron)'!$B$5)-$K$9 -> 0.026352923 | M1035: ='load-displacament'!W1031/'stress-strain (instron)'!$B$4-$K$12 -> 195.06209 | Q1035: =('load-displacament'!AE1031/'stress-strain (instron)'!$B$5)-$P$9 -> 0.026353154 | R1035: ='load-displacament'!AF1031/'stress-strain (instron)'!$B$4-$P$12 -> 191.78999 | V1035: =('load-displacament'!AN1031/'stress-strain (instron)'!$B$5)-$U$9 -> 0.026353462 | W1035: ='load-displacament'!AO1031/'stress-strain (instron)'!$B$4-$U$12 -> 190.15792 | AA1035: =('load-displacament'!AX1031/'stress-strain (instron)'!$B$5)-$Z$9 -> 0.026353308 | AB1035: ='load-displacament'!AY1031/'stress-strain (instron)'!$B$4-$Z$12 -> 185.51399 | AK1035: =('load-displacament'!BP1031/'stress-strain (instron)'!$B$5)-$AJ$9 -> 0.026353231 | AL1035: ='load-displacament'!BQ1031/'stress-strain (instron)'!$B$4-$AJ$12 -> 190.15535 | AP1035: =('load-displacament'!BY1031/'stress-strain (instron)'!$B$5)-$AO$9 -> 0.026353615 | AQ1035: ='load-displacament'!BZ1031/'stress-strain (instron)'!$B$4-$AO$12 -> 189.34541 | AU1035: =('load-displacament'!CH1031/'stress-strain (instron)'!$B$5)-$AO$9 -> 0.026353308 | AV1035: ='load-displacament'!CI1031/'stress-strain (instron)'!$B$4-$AT$12 -> 192.38244 | AZ1035: =('load-displacament'!CR1031/'stress-strain (instron)'!$B$5)-$AY$9 -> 0.026353462 | BA1035: ='load-displacament'!CS1031/'stress-strain (instron)'!$B$4-$AY$12 -> 187.23514 | BE1035: =('load-displacament'!DA1031/'stress-strain (instron)'!$B$5)-$BD$9 -> 0.026353538 | BF1035: ='load-displacament'!DB1031/'stress-strain (instron)'!$B$4-$BD$12 -> 188.23356 | BJ1035: =('load-displacament'!DJ1031/'stress-strain (instron)'!$B$5)-$BI$9 -> 0.026353462 | BK1035: ='load-displacament'!DK1031/'stress-strain (instron)'!$B$4-$BI$12 -> 192.65749 | BO1035: =('load-displacament'!DS1031/'stress-strain (instron)'!$B$5)-$BI$9 -> 0.026353538 | BP1035: ='load-displacament'!DT1031/'stress-strain (instron)'!$B$4-$BN$12 -> 193.1376
B1036: =('load-displacament'!D1032/'stress-strain (instron)'!$B$5)-$A$9 -> 0.026378846 | C1036: ='load-displacament'!E1032/'stress-strain (instron)'!$B$4-$A$12 -> 189.19435 | G1036: =('load-displacament'!M1032/'stress-strain (instron)'!$B$5)-$F$9 -> 0.026379308 | H1036: ='load-displacament'!N1032/'stress-strain (instron)'!$B$4-$F$12 -> 191.86353 | L1036: =('load-displacament'!V1032/'stress-strain (instron)'!$B$5)-$K$9 -> 0.026378615 | M1036: ='load-displacament'!W1032/'stress-strain (instron)'!$B$4-$K$12 -> 181.80139 | Q1036: =('load-displacament'!AE1032/'stress-strain (instron)'!$B$5)-$P$9 -> 0.026378538 | R1036: ='load-displacament'!AF1032/'stress-strain (instron)'!$B$4-$P$12 -> 192.00975 | V1036: =('load-displacament'!AN1032/'stress-strain (instron)'!$B$5)-$U$9 -> 0.026379 | W1036: ='load-displacament'!AO1032/'stress-strain (instron)'!$B$4-$U$12 -> 190.36704 | AA1036: =('load-displacament'!AX1032/'stress-strain (instron)'!$B$5)-$Z$9 -> 0.026378923 | AB1036: ='load-displacament'!AY1032/'stress-strain (instron)'!$B$4-$Z$12 -> 185.71244 | AK1036: =('load-displacament'!BP1032/'stress-strain (instron)'!$B$5)-$AJ$9 -> 0.026378846 | AL1036: ='load-displacament'!BQ1032/'stress-strain (instron)'!$B$4-$AJ$12 -> 190.35861 | AP1036: =('load-displacament'!BY1032/'stress-strain (instron)'!$B$5)-$AO$9 -> 0.026379385 | AQ1036: ='load-displacament'!BZ1032/'stress-strain (instron)'!$B$4-$AO$12 -> 189.57412 | AU1036: =('load-displacament'!CH1032/'stress-strain (instron)'!$B$5)-$AO$9 -> 0.026378615 | AV1036: ='load-displacament'!CI1032/'stress-strain (instron)'!$B$4-$AT$12 -> 192.5758 | AZ1036: =('load-displacament'!CR1032/'stress-strain (instron)'!$B$5)-$AY$9 -> 0.026378692 | BA1036: ='load-displacament'!CS1032/'stress-strain (instron)'!$B$4-$AY$12 -> 187.43933 | BE1036: =('load-displacament'!DA1032/'stress-strain (instron)'!$B$5)-$BD$9 -> 0.026378846 | BF1036: ='load-displacament'!DB1032/'stress-strain (instron)'!$B$4-$BD$12 -> 188.43317 | BJ1036: =('load-displacament'!DJ1032/'stress-strain (instron)'!$B$5)-$BI$9 -> 0.026378615 | BK1036: ='load-displacament'!DK1032/'stress-strain (instron)'!$B$4-$BI$12 -> 192.8528 | BO1036: =('load-displacament'!DS1032/'stress-strain (instron)'!$B$5)-$BI$9 -> 0.026378923 | BP1036: ='load-displacament'!DT1032/'stress-strain (instron)'!$B$4-$BN$12 -> 193.36003
B1037: =('load-displacament'!D1033/'stress-strain (instron)'!$B$5)-$A$9 -> 0.026404615 | C1037: ='load-displacament'!E1033/'stress-strain (instron)'!$B$4-$A$12 -> 189.4278 | G1037: =('load-displacament'!M1033/'stress-strain (instron)'!$B$5)-$F$9 -> 0.026404538 | H1037: ='load-displacament'!N1033/'stress-strain (instron)'!$B$4-$F$12 -> 192.05937 | L1037: =('load-displacament'!V1033/'stress-strain (instron)'!$B$5)-$K$9 -> 0.026379385 | M1037: ='load-displacament'!W1033/'stress-strain (instron)'!$B$4-$K$12 -> 168.82229 | Q1037: =('load-displacament'!AE1033/'stress-strain (instron)'!$B$5)-$P$9 -> 0.026404692 | R1037: ='load-displacament'!AF1033/'stress-strain (instron)'!$B$4-$P$12 -> 192.2218 | V1037: =('load-displacament'!AN1033/'stress-strain (instron)'!$B$5)-$U$9 -> 0.026404308 | W1037: ='load-displacament'!AO1033/'stress-strain (instron)'!$B$4-$U$12 -> 190.57632 | AA1037: =('load-displacament'!AX1033/'stress-strain (instron)'!$B$5)-$Z$9 -> 0.026404385 | AB1037: ='load-displacament'!AY1033/'stress-strain (instron)'!$B$4-$Z$12 -> 185.91576 | AK1037: =('load-displacament'!BP1033/'stress-strain (instron)'!$B$5)-$AJ$9 -> 0.026404231 | AL1037: ='load-displacament'!BQ1033/'stress-strain (instron)'!$B$4-$AJ$12 -> 190.56619 | AP1037: =('load-displacament'!BY1033/'stress-strain (instron)'!$B$5)-$AO$9 -> 0.026404154 | AQ1037: ='load-displacament'!BZ1033/'stress-strain (instron)'!$B$4-$AO$12 -> 189.76709 | AU1037: =('load-displacament'!CH1033/'stress-strain (instron)'!$B$5)-$AO$9 -> 0.026404385 | AV1037: ='load-displacament'!CI1033/'stress-strain (instron)'!$B$4-$AT$12 -> 192.7965 | AZ1037: =('load-displacament'!CR1033/'stress-strain (instron)'!$B$5)-$AY$9 -> 0.026404615 | BA1037: ='load-displacament'!CS1033/'stress-strain (instron)'!$B$4-$AY$12 -> 187.66348 | BE1037: =('load-displacament'!DA1033/'stress-strain (instron)'!$B$5)-$BD$9 -> 0.026404385 | BF1037: ='load-displacament'!DB1033/'stress-strain (instron)'!$B$4-$BD$12 -> 188.64294 | BJ1037: =('load-displacament'!DJ1033/'stress-strain (instron)'!$B$5)-$BI$9 -> 0.026404538 | BK1037: ='load-displacament'!DK1033/'stress-strain (instron)'!$B$4-$BI$12 -> 193.09468 | BO1037: =('load-displacament'!DS1033/'stress-strain (instron)'!$B$5)-$BI$9 -> 0.026404385 | BP1037: ='load-displacament'!DT1033/'stress-strain (instron)'!$B$4-$BN$12 -> 193.5728
B1038: =('load-displacament'!D1034/'stress-strain (instron)'!$B$5)-$A$9 -> 0.026430154 | C1038: ='load-displacament'!E1034/'stress-strain (instron)'!$B$4-$A$12 -> 189.633 | G1038: =('load-displacament'!M1034/'stress-strain (instron)'!$B$5)-$F$9 -> 0.026430231 | H1038: ='load-displacament'!N1034/'stress-strain (instron)'!$B$4-$F$12 -> 192.28853 | L1038: =('load-displacament'!V1034/'stress-strain (instron)'!$B$5)-$K$9 -> 0.026380231 | M1038: ='load-displacament'!W1034/'stress-strain (instron)'!$B$4-$K$12 -> 153.75317 | Q1038: =('load-displacament'!AE1034/'stress-strain (instron)'!$B$5)-$P$9 -> 0.026430385 | R1038: ='load-displacament'!AF1034/'stress-strain (instron)'!$B$4-$P$12 -> 192.43446 | V1038: =('load-displacament'!AN1034/'stress-strain (instron)'!$B$5)-$U$9 -> 0.026430077 | W1038: ='load-displacament'!AO1034/'stress-strain (instron)'!$B$4-$U$12 -> 190.78101 | AA1038: =('load-displacament'!AX1034/'stress-strain (instron)'!$B$5)-$Z$9 -> 0.026430154 | AB1038: ='load-displacament'!AY1034/'stress-strain (instron)'!$B$4-$Z$12 -> 186.13242 | AK1038: =('load-displacament'!BP1034/'stress-strain (instron)'!$B$5)-$AJ$9 -> 0.026430077 | AL1038: ='load-displacament'!BQ1034/'stress-strain (instron)'!$B$4-$AJ$12 -> 190.78969 | AP1038: =('load-displacament'!BY1034/'stress-strain (instron)'!$B$5)-$AO$9 -> 0.026430154 | AQ1038: ='load-displacament'!BZ1034/'stress-strain (instron)'!$B$4-$AO$12 -> 189.99586 | AU1038: =('load-displacament'!CH1034/'stress-strain (instron)'!$B$5)-$AO$9 -> 0.026430077 | AV1038: ='load-displacament'!CI1034/'stress-strain (instron)'!$B$4-$AT$12 -> 193.01184 | AZ1038: =('load-displacament'!CR1034/'stress-strain (instron)'!$B$5)-$AY$9 -> 0.026430231 | BA1038: ='load-displacament'!CS1034/'stress-strain (instron)'!$B$4-$AY$12 -> 187.84959 | BE1038: =('load-displacament'!DA1034/'stress-strain (instron)'!$B$5)-$BD$9 -> 0.026430231 | BF1038: ='load-displacament'!DB1034/'stress-strain (instron)'!$B$4-$BD$12 -> 188.86952 | BJ1038: =('load-displacament'!DJ1034/'stress-strain (instron)'!$B$5)-$BI$9 -> 0.026430231 | BK1038: ='load-displacament'!DK1034/'stress-strain (instron)'!$B$4-$BI$12 -> 193.3012 | BO1038: =('load-displacament'!DS1034/'stress-strain (instron)'!$B$5)-$BI$9 -> 0.026430308 | BP1038: ='load-displacament'!DT1034/'stress-strain (instron)'!$B$4-$BN$12 -> 193.7853
